identification,NSS,HASH(NSS)
X8yyxFdBgLu3VdYd,717274620793175,060976860
vpMv3ddVvA,978038733713894,159848103
IIM7WNl83,551730067962037,463166922
2QX1lG5XjSoOP,901850555610222,427293773
KNOU4X9E,915006815392369,483170855
NiTd2wuYY,291691203061922,464639137
8xrYNUMYaB,512234797290559,191358813
hTWGuzykxhM5ACsS,255093118637725,694978783
BwBRtrTCLxTzCdr,522652482208912,390050170
4qJ1ho4D2AJq,466093168943355,042753877
FkNkBeM8vmy8Dk,562999973681902,843132382
8RTujnX43,670317781553255,516859007
dIxJHgpDl63xE,753705400042195,179499127
2IegCnQkIiL,233969271473951,462347014
mxfWDD6JJdFg,243740348861942,800880988
m0KVhf3YnL,970677629837194,191708777
5FvCIDa9hhaYB,760724656220745,309516304
5ZJkGyFi,633146955322440,103852230
PbHf7pBpD1boO33W,031412791207772,566678858
FSpkw7P1eVKijt,312247497090527,573035641
kfGiH5ImF,920698673337095,664142908
XThLuxSUih1I,670082908971141,451115068
QR91Kf2O5N,424225889809216,393844133
Ld4KSx65PI,719367956306841,143272204
sxIxYIrTb,452416911840538,752923984
JQ5sA8Q1whggoSj,325426829373538,614317233
8raVH47pnvaVUUpj,197566090516878,241480341
yC3lUYjTGS,674720998237097,348658064
Czx5BYR7TWt,158206716975241,848912244
QrHDpUM5ZpCnqyFm,354696944734807,023635413
2LCiqnw5HWPOCQTo,861787260599190,437136475
m0xMqFtW,606779871656328,938585923
J2QkdV8IVq,860270695845773,650955750
ViC1hhgYVuLSGMx,946297502527034,043850290
STeil6cMAr7DwKTE,113189559461963,743875274
OAwpsnjhnQW81o,507651582904953,450044370
lKlAO8Yzi6A7eIBO,929883288569059,243199799
1kkeL2A76vP,575598749142591,793645569
DGNZjON9zLNFyAvX,425112993622077,557338880
WBv4OVCb,116412975394817,349968393
aRQvj2Q4v2f,666243134164499,528523665
FCfb5Q28k,125303496715163,949813183
bKbP8yCubfBdLmOj,366481449048965,544295890
MuLA4Q2hJt20,393101043480386,533762445
9dOwLUBRHDAnE,747732282259860,849139219
SKCitGkL,866114325024747,220508610
B4RXTbysPF0CGj,816228702359619,658560741
0aL4ELvPqkx,410777853272541,079241290
BLRq4XCnd,159439367468797,076734699
2GnaqY84IuMOq,649007030989757,492185588
r7UULT7Ue42,710969275493793,190697741
xE6Lq5uRUJ1s2,997635943861889,297133933
4sg1vC2s1aQi,250000823926688,688237492
frjOT7xYTEdgQ5,008895320406590,173639887
0bhYYogcbmIhL0,319947608578504,624542550
bqNRJBU8hE60BJRl,420172580204912,071385250
2yCaiHe3,875592149185162,682717865
tvekd3fJ,420582768613782,151300685
Fs8sbrNf2aatDcXx,039636945789213,507088001
Vfm1b73VESlPj,298526619660717,632701639
gAALm12EZ8,343870554467335,057826438
vYcwm22viu50d9,638651854012606,654256766
nrfESASaZUDHmliI,163605725542852,596720120
A5FAiCgExuY0,942127579407453,297083564
QNboiLXPZ,650321653484041,170256425
OdyJWEl3gkuzrv,939454901210341,225384637
9ITpRfOS0Haw,727486416036266,281759663
7w7PUGCG,228357658248196,368376203
CgsxwdI3,059279046222294,712116271
2v4AWae6eNkTveL,376046462131899,618492556
FoAaNpK1Le,922740604756014,151548473
gXyjfcfYaizNRkm,634149251096582,519567072
Ji7un7abpmgJ9P,800180219336757,344533227
eErAHfGVun,986176692283709,678671231
i4V81CqiiLwZx,227767149184434,925168524
KxbEupuaLBO8qxF,644029039019167,468320976
ZRUPX64NKwx4,721076974230327,528493102
vCj6rxRqUAN2,412801938367075,665521090
kXNUxQmxg,903784261486893,373349177
eSAXWPF9yFgvO,988096761217270,590826218
X9T1PV6gON,792053411709254,235288953
DpaE8yNzGhDVK8,681139527815477,392758113
tP2gLw3oqRY,941560079575553,810842470
36xU5jJE,302534176918645,523428205
ZXG3gVyYiKGztzcI,709155959856814,105249698
VQVTiEpCI32s3zl,625716002076869,966951434
0hIgCIjcvA2ZW8YU,918788748284591,715779851
NpG1zSuekl,211415024212592,531287039
CEIjUiBezhuNfL,954886355267906,438748573
Bz60A2AcsOAWSfX,343272873534296,885054461
MnKpcQ7EhTCp3l,498240452646086,505838490
xUo4kitRpI4Qi,194452875082372,843698689
wVhGIAmU8a,130980908082749,816828323
OtKrWR9sDTz,269912992688690,200405302
MLVylHL2OO9YVBhC,757049329783931,323955442
kHtLPUamigh7,214772728851404,703056513
jnICi1U81wge8,030284534313236,649025576
Gf6uZJKxEp,727991610767649,330049632
tqWhTbu8Xun8Rn4R,201970117853913,888308702
nT6XNKx2aoWUq,392305534164801,276248624
h61UxBi1T8mKGa,709747233872777,078579722
0lLoHlD8RoDIc,770851149227875,760472868
epoXK0ns,889436959295710,292986085
ZGqZYyDk,674269838341574,088260157
eV8FISGbRpxZa8s2,876119808218533,307582677
wjPcCOHjlA7x,504800470844307,013030488
8EsuzwFkiNF9Lk,253962162105478,890250839
gtaLPlaObDpWz9,669950711946270,141329837
vlVTHlDMcuDLaSrH,489101093750629,634548793
DuUbQqlSJiXZzjE,183171330511668,475017529
iI8zTBH9FUiK,570822765429958,091952071
1YSDpkDLB,985941627353333,483614792
AbR2ZMk3vMiy,961386629758271,182163969
ZPWm9VRhR3,038161978748647,381972199
UYbLu5zzsA,681379997813150,041055711
oGmIzSnwEFg,569917407231257,899139896
83TGLKmamFy,320127942627498,592058610
czjWNmQuqC,383237682212977,243187309
ijeh5iGFyEWbqb3,189612840908344,480902442
MkJ09q2m4hF,219651292170310,555996576
zdEvQSDe,807577845382711,844627016
5kUkVuWSZ8,844715472851893,122791747
kR9xrkeRD4MMZj,982273503822734,873773172
dyxXdVRRaPx,667870208102848,946862442
vcgZfJJw,343455769932439,168693619
HhtOUkKWVMc,057214328910304,447793183
rWSEg2GOzB,805298361525621,846211332
mySRjbJw,115462742974011,171043151
FJ3boqJwEhv,511457470202487,735350067
9OoZJfcRLJi5T,957412199980363,545465983
PSUFGLNO7,795167182547775,021109059
9W1siV1KSnsCz,337758592085685,477252414
CBi9bLlrLBhLgVo,811958034301744,442586169
GXdYgNFCw,157585205830704,157340352
PYUUWlI3ULB0,699501589663477,584930181
GVokfTxe2bRO,417527412851489,450137058
B8oUlavpY,878458054436191,154280125
ic2dLgRhtqssAePD,163877434215461,083435530
3G6ab46mgF60POcR,234678722436193,452586918
7v5Zb2EZa,734039440300835,683178667
lSG4Cmmn,621631533437192,764251643
0djm3m0My,670465350887980,561057253
WLjiV7Ci82,321537917208585,785295707
vrgoeZ8qTBpP9Z,389008496633302,230567451
IWXPRlW53J,427953897369452,759827229
fbDAnTiq,326478822188042,663574814
6u5xlzzCq,564919421307657,976845117
tezvz068QhGyUB8,259690001264134,677910553
lgiYrvYdF5PE,078704712571459,912747103
6TAW26IsM10IPt,573856420331425,638820593
Oypm6tZP1L5o,517258212631208,371628826
HB5D0E5ZiySN,731720353251679,532367443
PRQV0p35lNTWiz6,096231524353439,194098596
Y2nfLkD7Iqgmwm,759618299173557,922737694
SBFMBwDXTRYZA,374465412347953,648849684
Yn5KSldDgtF,215412420862675,245421198
enJNgfkGFJH4Xm3,512708973559796,279165656
yahILKXYPMg72X1F,350441218275548,895596648
2nodhpKRel,792739103905799,518311425
o9VCnxeeG9e3Y1TM,904279868570328,423682256
YYZbmmYHwmB,157007757384145,699083330
JKKTiRj9JvUr4O,069971559298296,416435499
tVH5LEd9K4gLG,637802783550387,811472299
agKsdiGxGRNqWgN,179806240318835,418463195
Bi4UNA6xSs,772711449361569,981927638
RC7FVTVpGJn,624547157195021,717485681
KAScOdKIHNzGqW,337142953271877,903328472
3yvJcZVoj,677747695379168,183305873
29UK2njuwf3vqnKS,069784448887134,161490908
qLcNw7gcOpZNCHQ,928339949405163,469003041
nMm4tByEa,849780730247189,573194367
GYpdbL7Nt,241233270095768,783282706
qRotKIWi,702821858957666,003440569
o2MHzkrr5rI84,724866929497303,041242002
lY5U4M3JJUwse5fv,411474051784870,823004578
lay30WKnSDMx1Dr,860447821707709,030028593
yugvpaWtzO,402670456039073,055751148
u4z7zJuNn9Vz8,152993976249594,129292669
ivwwWEPnkCD,756581980497152,229215188
SealRWPC9zETx,224387732611033,080647003
3OE2Le2f2R2V,118848693367362,871332864
aEESuaGkKLsQFQ6V,749992638432034,803223440
eZXMTz8IU,182014067273690,949359394
P8niXpCBkK,265445677941110,255175661
5DGSYqNUVnfO28,924103835637667,830648442
8kxq5ATm,875757721554012,496234232
N5YwLI2gY,111467622347109,988114154
aT4FcETflUl4,659820954870866,406840249
3POnJ3Vzl5VMfE,584247240374723,053908106
IdgZXSQRGLyxxBrK,087038609467426,561794866
Z9GXiMzx5dzdOGQb,117731872588831,649226506
ixcXhJAnl,068913127858176,815790234
H3i2fvx1w,802086471679670,129990881
btBzLGkA6sH,464629643758806,447407171
Eve7rqD7xQuJCq,336194693804854,990314870
nmql3qKW2a5,174591432095083,818026359
M9tItHE8Xcwb2,129870899291444,603806567
D0diZHiGu8,867915594717626,052370009
Kn4lprhCsegSk,240209791653656,590619420
SxKrE9mzdDxnsfm,335036861732574,517027312
9ciT2OTb0,154544801493313,174163217
XfrOripnkx,298436287333416,472379617
1Lwx6JJT0U,865877420444859,925455588
2KsryvjovM,671518748161077,821477095
neYr98PnBFod,308478292071547,730607113
CYOTEv7qClUP,426921664085939,500445350
u90bFS3cpSPwNaaz,929412064734854,436960850
rlJ0E7QZZ,851231160889815,662222819
7g7HUn8L7xdOgv,154700245309270,390120578
V1L2fTXluMAVi,535568505836283,620535614
iMm0YvvIZMuR,979695829353431,349929529
38vSEEUmml0FfjCT,510894531687104,915335314
GuCo4EHa,000563380824207,504889451
N4jNXAdvEFioaoys,288874753771193,505948730
nCiuC0VMawG0kTsD,926348334951884,902601683
U9VO7Hvxc,718701862400395,824236513
Yg0fJm4aKCnez,257031837993150,623854396
IpgdcBaCr2d4,116889583484851,424945723
qn84RvXKX,086243039976224,256297577
lDo9OdS0IOFvI6E,733636143868913,110606750
RBbsInBFCAw6GH,155990037579574,414271568
5oAKu6XF9,542376304696409,518610637
cowowgkny,969747208807782,835523490
zr0GF5Oo,743571772590135,147678094
0w4610IstL,092660299938968,574260393
uOnyXGVXB1Il,005165797134043,969189602
WzcoChbg5aK,961215030685800,850358420
AdTQDs1jws1M,508105731947438,285106511
NNCnQnmkdJjunHX8,948142987549301,685960669
002CMLAl8VDgzn0l,618042566601605,713674678
0AUcUb3z18,823088088058752,590725438
3XHRXuUR4jaPB,629072094095210,897190837
RNJgWOTERt3oWsH,069028472133084,278494035
6TpG72WTmYJ7748Q,127746522603761,087752360
PmccAtMws9nz6S,861331132400406,036260677
6JrBoSvZTcuwD,529829469140522,519710271
fDNt3gmSqPO,714306219118279,367905585
WVn7qNtl,235530587136252,198809244
5Aso5JzLaD3xLirn,522744937238216,983055904
MFvEscVblfcF7ve,471755916237409,548100438
YezLW9mLNQbk,559150348729678,967209937
W7NK5i93,148798413749284,418576004
Mpgyb2caszyBqLFY,258800829713687,422529523
MatVN2vss5hC,901863611790209,320332916
mqwjSrQ4U4IQll,128400821945205,976481927
SMMjbG0TFsuZyl,425668063868213,095262977
5R4yewD6moJQxe,206027368065300,338688247
ckbPIdVq,155873440225521,598473322
JVMhaQ9LqAX,179379825251145,805701813
bUbRlSDsaX,788661201248418,542380316
Xy1gb6i9SeVB,904150299426045,120142206
HUzl9bbcJQ,074358309599175,403967113
UCk0ZCy7DLfi,940889571068011,725312005
oqAkXMHnN,176072392321130,021147589
uL6qbxd4lvRnUUM7,015771801860898,188790769
P24CRoBZ8ZW5z,212597809550980,955527322
n54SE6WoyUpy44T,868354036652471,780875209
j4efEoEX,846092107962615,913487591
RSrISfV9lOEx,122318920684586,971953728
m24RFCC1HFw,955699043122687,725078774
m2X9rM2YBsvlIuD,727375541960653,650489445
oDnCKtD7,190011686641713,467718771
qA7ubvXMlZU4MN,944310771283723,977633554
dCjvvRoVCYUK,413200170529294,296322766
0J6hmxV0Hsc3U01R,477928543325302,594573149
Z9rzW6w7O71IcVNE,592537072697287,379002617
dVWDF6H6imL,202023555121585,659898669
b4QE6I7Nzh,902265142201231,266904852
e2zIz8Zs3,398443134616461,374685414
PZAvVNBEjNFms2,834797817522512,717103331
2Cwl1h7o1YIh4d,609690215016539,124768024
L6T7jGVqy7WyldT,470398042805768,622502314
GDHxBSb3TxIsydTp,069461551491665,319499563
FH7myqkIZh,000208961416532,417439477
Jncs8oDkzsXMAXb,526776432531903,311814581
iOnHxgNigdhs0,019671723603763,620274358
wObvbNKokaj0qKC,697271660824778,354489021
2ry0PfqvB1eASQ,951348879586819,762022608
6DtX0t6U0pBc,681538658962537,414155898
pb3Bz807am0rhk,056689106141911,124844071
9kK5DfEg,287320417599204,363196756
PEnLZIWl0URfsTU,164292287880186,320571021
PHWVjiTKNy8vtV1i,772008455702544,638833408
BmbEOxEvhJV8et,301915571555487,594156142
0F9f1Skn,955557791953687,239471357
EW4es1IdmFR,981338624094940,651100846
crx51sZ3J1PMaqj,448486509470486,478535128
VHX2grEeTsUy6zr,436450400070949,992375150
ZbZ3YTVWFVaxw,344990010405468,963237543
z34c3K12hdovHsz,428640151108477,748627794
uRMWaJnS,689908908119703,421532104
cT1NPdgezm5nlfgX,475789493666314,513300750
PFt0560U7pz,672631386450018,015819681
yINWA2M8jt3M,623454884398271,085912662
1aAypDEOV,318357487418914,934295739
CYOcwvthk2,710413309101999,671793267
tVa6V8nNoJhqujF,402807323965829,882897209
qJ5Jm5bC,962448093107936,733168443
Avq5zU7o29,420832362279114,149237631
k7yyUqzVTEpH,012840800135745,313132107
j9cAdag7i,251787992624496,614227268
gbe81XUf3Ni,556067677368459,157524936
cCLdp6UN,839976025604003,883652159
74rEiFGq,115290430591904,030176924
pEuu2t0D7ZVPxf,068959933134943,465299691
1hIGZQiBs,396541198070268,899412342
gJakFhanXU48,967932131535442,111488530
hPT57uHWoyD,954686253733766,018110868
fvpDxYMnsls4II,286765940498917,088056992
6YOhOWBxX1mu9Po,032911735237212,097825778
bNkr5emKDPRzvtH,450932852519995,768002261
YR84lnlMSm,729675528031073,919487989
mYPMu7N6j,370533801150512,081377518
Lp0SJdlcSy,411857249899040,910740229
Vu5BOT2szLx3HQX6,344412389797595,951274817
HwOls9SzZb,498833086843101,744926553
YcRWueZV,771509040921021,267348098
fWeiJCg8,611879075724814,178054935
Y0hCkKNm3,412428580534931,784210144
cspLQEeYz6,305349626896695,891733104
z9uvhvAhzg,331657002384796,460294725
jed7B63ItJ6AJE,064138921500946,438036926
ZgAQu8wT,820050330665676,379991983
KXjKrjga3aV8T,417272966847710,057405135
XrfWBvAmk4gNnH,790980683472485,689677825
AAA4UuFFnN,161251313862985,052447682
ocuMluZJx,347152768832328,876524694
61cDGNpxBd,279590176131649,956752746
3Xt5Tqb2rPH,374044887419112,506436103
dRorH9kBWMhmltRW,465835362946553,306320309
06QbA0ql2xW0n,276640503494421,745901543
vkzVqsjV582Av6B,552805521855480,849927603
kTjGtFxvf,318983134005274,548972438
vg3B7BLKdo,425124100332177,916798149
oRK5aQbL,222347289012170,046910633
AVtAl9D6mpw,229860324304847,379358157
AcMIPKOV,601395378634136,933951060
qpnk92V2E4,190937186072743,330880635
13yAyulu4X,671964447752378,734922542
JgestL6o75AzUBj,271653458433051,181093702
BlR2Urafxom7,383641357112695,328456316
m8CuFcsQ,461559705869628,722912962
2n068akpliI,182559435590138,150683957
jBXpYcIdvyTj,231732776133452,059023867
gf7nyvlsTAQFpB,611985510727936,770916939
wqhueQj0JMtudbGa,983376218794561,438744921
sDh5J2lBp63UQ,647903401106032,299334077
1174KkrHRV9AsAw,518392493222973,981535216
xhUZMmlQIR4Qr,283724126303482,715845812
BTojppzisQtOf6vc,734347675988082,513067522
mHldbA0Im2a777,444321044615185,457863815
joiGbtfw,719432080393814,132735504
wsFtaEZhnY2,476929794145925,228243189
NKm0K7UK7eP6,176555587445417,893869657
NWiB0MdR2z28cCI,836825333422954,974031324
oWggU4iOKNL,605551979211513,083991668
HxqMC01lty2nPVP6,467725378830075,798921695
BPjxbPj3C,108379513016969,717180258
8yspCqYHdjyccNHr,541736031132221,455139615
O0FffsjERzww4,082994303923629,090246840
M5APBoMYX57ry,951382676290570,427267018
cdf2YHH572,370959296040019,292840630
JLeTL2PMrSNa,343173000302213,519764016
AHwF47KHcJkK4vq,051631223380394,014410868
6mfpC2d1Y2sy5s,978727905450892,535989156
CCcQLDYA3J5NYy0l,902650438247359,542951865
T616BA62,752946690580226,003559726
cmk0EnJaDeqYEi,211795426510296,046747501
w5I5Y3yk57,286383851547649,604253308
UeojiOyhsQORaN,840886168667251,225816344
DrNB56PZXOxtc,522041069000717,845589821
D2UHuShvO3hcam9,803997631753297,246993873
goLXFShf,972036878946126,962981218
DsrVTuyBjkZlI,049992832063665,375327118
6NKUdHkqVU,651474031327870,780373156
OXAUjrDe8DI4i,668975418273961,106799667
cIf63S1TI5,256348052689277,918236563
iSKlR7GB,794984946119542,305779791
u41aZuJ62IOVgi,595468594905298,998281350
DPBTJw5b,100566995418193,970226286
XcjnFYCLpBOuU,765051129914010,606207212
oAK8SG9F,152717317190649,637939147
2c5e1g5EL88,065111520631088,432441374
n39ofEMiRodJzG,103044215352055,762601323
wv5eDBst8hglih,516784781604095,668549811
qEcSyxmgPCNPeSx,765529946291292,877253887
Tivrakp3MvEFD,847402968178370,919988684
5X49Ge5Gv7Ju8,464113378931016,650336113
VuKc4cSSyrksa,578010308306372,286180375
gx8thNXOkrZugroQ,354369022609624,262336979
u2LkkcZI,844148529565477,073752069
DleuYgmcAh,111724490963170,685621363
6WBRSV0EDJdt7V,378031028817434,246866402
Bj3rI86gn3W7IUsf,369474700608078,142009681
IkKldLvlOTHMGdyM,743854427327032,640942614
APT6Tg2uAQVLF6X,914282304411801,551925663
VijLG67i84xwcnEp,682834805474975,899783983
CmvveWRqD,532164413559545,362878341
ACTaMDbOG,368694829396625,550242391
BlMG6jQNA7on,399548124994691,727664167
taSnFbrDCqjGHIRe,651005275551335,523436563
UNIDhPtxqVA0O,533207206756847,725496864
dNqaTpanxzc,289607481551504,214843070
ee8iATgmU,525238543481637,302884720
tem0lkr6,929350846855632,206796279
QaT3CLkI,062507098707340,576033590
Jmym3FuNoqV9i8h,469400636251715,817762770
Z94cjllU93pfsCO,022215018997755,756581959
law3RxvP,616053323645153,263305394
zpHdKaFXktSu,144738161834731,288384725
SHkDcUYQ,103979129730269,120214758
5Vw10Q2GkKcbBz,533252948559882,397619214
DJ0FhEmE8ABl,466820228928258,797319520
o8ywC6xjv,726122555599506,043125899
6sCYR8kGlUzdu2,791154726253053,314249153
8lEghQSsTN,016737316622188,764792872
BmqCcGW7sAV,499122221304952,108304223
Draprsl2YequTRHS,443335769495136,569579083
HygN4addoBPLR7f,000407112331856,294475591
YSDU2CWHm,868641908184180,209203274
RRK6NmGRw,922086311506310,677244607
9DAyrDLPnlKdR,031133430368067,474900248
VD66NO9I,034714688288857,435799649
nRkcOXLT,038037411070732,749099964
AIlKTSi5,101013138213670,278650055
bzmxsT1lvd,070689557730314,782711847
fxGqpAm33XDYNWc,921427770043716,633612011
DJ2dHkem3j,416538710378984,889939151
ExfCqlUF3,336358937632021,473345354
SYJa5RqCeKUA,692040171331776,134194322
WzSqckp1wi,036285463915417,242742492
1TK7GWdpdzh9e6RE,374597073554993,850159626
sg5et9Gd94qA,310731696396431,937437331
AYOolgvpf4sPZEG6,221985628908353,770149125
Tiyubmnkf,954908480341811,126178613
rxRCGihmKpgDAg,529278363233205,187934638
9DNnTovH,074172597396275,240630893
Cu9QtNvLqfx1t,541157484125551,329963687
rF6lqgOz2shGc,790076940431647,712032235
q09hkoI2101XvnS,244307460094154,157144946
3RASXEIsG,081502601354555,175352031
ULRc757NM4bDhEA,573780434723175,808242910
jUQkphTQ,157762203256567,358987306
pW53Bu82Lv,843148452053344,856849719
zX8UT9xAfKl,714442525772975,861153510
HYJdPC1XBKYR0,749699689723676,512271040
RUvuPm4hftnoO,569960147863956,830428145
SXDxIFdFrE0h,856788043860346,107763880
3Cibq2S3Pry5jiGk,008287473521250,158744188
bjKCXD4Bm87,764024874084840,154701246
vZkgh8vP6kVfQi4,351273299840448,898409921
XzL3YtNVAiCMWe,782643590673628,025642769
bQKvB5AlfvTPC,101842045203208,591484141
Y645yLDmgr9oh,305034799374072,396780564
EkHWVsLS4x,298914017757211,993961431
73R0b7VBOCjp5mU,767063517511156,155002899
2MjfEuv2Ozy1Gbn8,649428526425642,205469050
VitTTZclSUwP7,798700069184521,707504098
nuZ6NgJDMNh,999993983112838,843338535
ye0MQRHhNL,304137775428595,386106931
ZDJN4tsirX,843836532725734,502373606
WKZquYW2rNjHgNr,914906546136986,240377669
k0vWSUSuyyByALVg,054121075638866,886766397
y1cs6Z26NBEi7RWx,913966956438131,629448070
BZLSB21JBHDHzHD,353691502970581,263516357
AgGAvq5aifPMry,962915455579614,781837983
AcnwYqBNceHk,349736595028843,107947933
OUm2GmBI6tGHwi,592875903786265,779214563
KLy9rj6WOfIae,187417788399217,588982153
8GDAl0OfoXwi,981853741306952,716506995
uLT3ZaiFc0yV,995005468398840,275646979
3GWc3fuKOexBJhc,817567843496929,548342039
TvzGqeI6VVJnr,608524759709329,297448879
Ej5PzZk4eqdl,619830392016104,768952265
DqFkSig5xAa,577382876865420,953484032
Yf2GdT0lW,406206584779002,393640252
fDvSjgiCGoGo,663591385197196,260092877
5glTRMWpFGEl07,575385067472906,649011292
gifXeh4u,305708569724297,481349538
VTUuN04FC6,422135435268720,180821141
akWJbIkoYhmprSkh,592991569004040,061095065
kPPSW7D6S0mtK,100997738022119,316889771
KCV0ppBReVMsdfrO,956891354969005,515221625
T9U4l4YzFFpttn3,095742236783127,119221917
E3HtJojDtXNOejf1,872449951949332,622655312
geqrvhRZIej,178333962176383,950038066
rNRTp5MCCi5FF,653959308397822,715758732
DMYodmAaUdDEGc,333605178558175,795817748
u9DHjVJyHgru9AoW,270183422197175,479000087
e6X0toNKf0P4q,519521053658163,511899019
Ux2zD8xdI,368245321516020,832401907
7EIVunb04wjri,865768573988707,901949808
qqIZ70rBz,677873454474666,533276809
mdurlz286ia,189967910601885,486151576
knPQObwOu,574483945257319,659053068
Y9ETp8iB3pmUxU,006251805444079,103261810
nyihMFl9kxMGn,282786543684741,106530561
kZmbmyr9,449982432090880,167714775
OJNsP0yc,015948224818640,999590960
RAwSMgKWt3J,401068250398832,436222575
AeVZtnyy13AAn,777767247079444,744889842
qqmDmmmzD,426559256477676,987942605
oaVa0uOVe5YRap4x,288314102850592,598169660
ZKigUuYYoF,956632900461073,782790240
YuECpJmyX,612549696192828,339606311
KVCyxmcM,776770741766424,429835056
h5WLO1mJkkVKrOQC,253490648247953,753982401
4P9cxqAoGt,246408999408217,406945626
6KHyNeLsDMGUyUyI,039221774408574,982038037
OilyMlp3dXT5B,872103187270880,138636103
22p9PvGQ3Mq58g1C,747385793439765,953618759
IEpVZ17r8V,671188140695806,113076595
oatTgYCuhhU6wUjG,418589806124170,662879005
7wz0zlSR95mhT,789964777740287,673203878
CUNaGBHvD9,261924061555918,966488533
4ffP0UFFXxEtDlCm,160885067709888,494137774
ZdCjlM2O30NCe,874323296867601,741717023
XNRBTya96qgRoR9H,660203384010171,523823855
Tt4EsuDzsvPxK3G6,847419133609500,289674478
eOZ5vQhy,842705015030610,206276350
XADKeZm0x,094796882323314,921293092
yDFf8GQTg5CN2GG,868349526938816,208461809
05uCuT19,729611974594449,064397786
pid3hpLlTd,775019745799625,786187691
yOaFswvTzVtKGyrX,897740940477591,928515808
VM1vpya4j4,456451491507605,036608665
0CjAEpXnKlZdgz,748352154933402,615031405
PqJu7TUB,899074882258847,011801959
akpqwbgcsF6Feg2t,039716526471507,648645479
c45wYTxo8RSnuuk9,929682024781570,394246395
753JqiL7kTH,957932872558198,471836019
9kU6mB7IA,931164505453670,145977767
YyXPdgpPTY3,108003962365834,505619717
vVnW8Zyyaqr,914091904176559,407387882
8ZwPZMGtmC,959707295893599,403888841
uT2McIXWJF9mPRmA,816402366858980,990037593
TYXcjufRTlHIba2k,509683277125307,017238819
CBLKBDOAAGn,316698086841494,843650042
nkmZzjy6fI,088043574227116,474328342
hRWANpvXeL,179521409707567,913420926
bDH8IuxvqcvO,451744007863318,118091686
ns3JmlGxLKb,412146375686338,822286532
t9gqkq6DgckL6bj4,481395095136033,940983965
0wYOeo5ZWgedntwe,255201393607388,527225909
DctysL99EqU0,926223085356160,435216280
eLmQgx2QvgcNBCSa,167231846317198,450972010
tFK17nq5rGt,518400128417912,887457044
5G5ww6aun,177700769109074,682683878
k1uuqb8TU,109369336746412,846320941
9CgCSUjqk5utXxK,943891709171051,112751256
msys0lz27N,773504980070848,504636199
sFo6E5GicYI,264087761501785,752937030
HwnBAC2ngQ3,164998644243801,013241990
qWQAsPs5TqevR,802513903293442,738878052
xIElX7tybG,157490476332677,470153430
mNb314VTa0o,783761193788104,318375399
Gg3SxdmRbESk2SEn,130238544368114,674624663
f4rA3wI8tvIcx,175369095994120,890378768
Jb2rHLjJyaNi7W,564867675797020,465200855
RoFfRs15Wei2c,049208386807076,902514942
sWR7VGM3g4HPyms,595712492338377,125289793
iziHFgvG,744321081770159,456314566
ctvn0ydlsv,569849215970832,617154844
xy40TsEr,831684406173847,113635408
suh6yrhEvDNM,741220651870325,386601715
yMP7oS4F7h,402370891009873,998185182
Zd6JjoT7Mr9,002790341741098,295974998
o0XNZKMx9U,452900768483049,743487693
PClwagMc5,560963784172690,373648324
E2jMsQJje,087047572859707,029880851
DzJymTHed8ExemFS,644470776654595,199116412
D6k3G9uCJe,277553439149068,249360559
Lo5EtI4J,159998002721627,551873386
3iKEQWLm,098038610990387,622768548
TxZ88D4O7VUKLE,307728739847380,269735926
CWy7vHzZEBU,689768280326827,057439962
3OVL3BlsNFwc8H,646843362755998,377214023
A4Nc7K3yv,129255532856537,353247992
9YhKgEPTQ4bEGzUU,318558596367898,642354999
dmC0OFizwEY1yEA,159246888188467,287830631
xUk0eitSJ,857571373917014,001121839
qKyTsqNix,581864824718584,865640320
G9Er6H3JH,129514526340763,001493543
Qox6wzZt,484242919149272,794044740
8X8WOQ8gMq8Brf8,112441504116357,508321548
mIkCcmF0kkOxjDhG,317214482482620,643316952
vpnmPMVRNR,888108253631171,869796709
9xe591o4Vvz,064318847434057,536134489
pBJ7TCrwAT,639773846915098,097307193
pebCOQiYgMryCyV,376806033587818,976201063
QTZ1lDuIxhCwL,638859760339833,808157709
cq31LUtWC,185897164264814,148799835
Nb95BRXtHGFx52S,139741796450685,591734050
fK9RFAqExuZHSi9,569849094676535,168618949
aA6EoqbBdUp,382494259121661,805134395
dJVWwmDY4K56G3fC,151304982248702,114951621
EpKm2oXc25UUF,425055786498177,164270955
NB2LOZEuiA45h,254627138924284,475217218
OzGiah6u47Jl,870234283994299,439273384
3nxfQucbZg1gao,473667800025405,965415622
sCjEHSjPReG,632455972974384,702993885
5DaMB7YG31,438864239934456,385946647
D4PZnZ1G,064990456946156,340373627
3031l9wY8Gzyd,751679973546104,408266828
G3b6M5X2LC195,778581174331253,543763286
uTMQU2w1gRN,803915398877271,949793859
gvfcB89aSM13,129664037755754,979355839
SEwqtNGd,552942694713538,099555515
5XCeMIhd5DtWN,754634929830088,566552141
jtlJn3CrPBie,067530627199281,161193760
jOuYxXZOU0gM,777561648321311,001555693
42CckTf0GSiu0W,398046844426644,359008832
yCU78hk0Hu,930923059767806,144312858
DLIhqrMIAqAc,515840775581980,816693241
rwynRB4jnxew,774689991289544,373242198
TCsuabEbRtghoBv3,333418416435389,017093629
7r0lhoCUazTWfg3,752451088159334,363358018
nYZsGxlBHOpEnxYq,036285573821256,578491790
kqJCLvzIlbU35BM,253187006961252,407684975
4vLqQqmj4,077931394294662,269597127
1OEQxIfm45bRGi,014471017546635,078417140
35T1Nj01aNN,758300794189889,594539808
XDV4QlgEWaTW,992042947094038,891963807
NpSDBmMAM,871722390649896,527119355
k5OZ6rkawWav,351250302858308,532198799
19Up6yatFsaEV,884288976605384,214764906
3IOj3dLyd2w9,473636479300435,021408247
jtwDQ98jphSt3,523572151652905,775337101
Er93gG9X2UAN,874616580628003,261056499
2uLPQXHbi31TIj,565910799489019,856498504
cNiiOKG7,510175178738761,816677110
zBjSvDhhtAIqYDC,038211923736415,568772138
CsU2lAtbwVc,613442694616322,080505433
0fq1w2iBP7QNr9,799705587478915,260827995
MnVxHYDu,676513882674967,154487699
xaOn5OJfj16,448194961809599,091527802
ylUJcafmCsr5h,438826985023075,540554956
E51lnhzCBaC,428775867908549,805491670
2Ty7NZ0wB,381802520323525,193058035
dsr9a0jVuDppwf,200826980203326,408188802
qwPwB7amUP,857876165886907,368615103
0si3HH0aWgjg,595061424271520,997669488
U5IZ2yNkq5RFhVFk,576700887886683,129060586
n2kjlFbMWxPBBAqp,844080489796496,703746690
9ty3nCF86o,595961289056840,213171425
9MXM9RmeQ,807299753576500,981423620
rNeBKo4HU,481250887614864,679560524
u4V95oIgb1Xmpfjw,457539001047386,591052676
3lkeb3VWdx0,356331444684000,915493501
jRzrgtA6,988392196614476,817002049
2rtpp0IZSbxa,338825721525518,730774173
rbD5dCqei,477440902353828,273841362
jxr4oyNb,705350169625897,036113294
DN1fCM6f4,659539536530144,043612399
uR3riWsyCWxvkB1H,422402960034246,627421659
oQDO9dFAQC3EBiq,030687288219273,111279846
zVNyvHKWDCuUiN2,760015999196895,054127293
RjJYM5pn3nt,708616203782701,914611720
5oK0XlyE,008709340431731,428343278
buo1HmXxEcRRV,424032023220683,471614451
eNnL8GqtpLI,657268079595023,445639122
iF1zEFaAY5Je57,237285619713571,774484730
jRftGO1vz,708340549503085,539880691
9v7VZDNo,577819412340851,611362277
bjPfK9NInOgoVy,844993369967914,508634105
x1Dly2DvHiVxIX1,592752265004126,800590101
SO7feEOe18,346865625146347,036147249
0cK1NXmUv,594860352460008,107317837
21qF1nz4NKt87Vb,894444690538546,579292185
sLNpduodGTQ,172255665080889,803973322
45KLm4uD1h,350340167521228,359594258
iLNfoqCLBgvTi8,471151095915756,555588335
AkgllpKiR,781210179606418,348968245
kMnAPVIWS6u,367985001543687,705122881
7QcIO6iOfoBzXt4,984755809347117,851832857
nJkRrCjC71I,790120478808251,996204366
VYW0oOeHqd7QS,715238507966939,520450198
QpkKknv3mIRS2,106952495039493,132327346
4y2DzX9qM41,170671925626848,260962886
fSBlOIW39EEOmvMT,789060640200170,724967034
h3z3SdARCeUx5I,588106655248636,738700055
m3ylGL9NX8yIg7U,492885452347305,065599702
4REpIcWkBVepm,840893137156477,054305136
KqW8yoSx,122609433608264,824867046
a74W9geXKp42gy,256133074589944,390307968
D2Y2kbR0,193388201809230,041399052
k1sFscqNhTp6kvLh,101948881698774,691161550
gkIOqGPBYAEtQF9,511436074071922,639261337
nnnWN8gg,106539530532231,686066022
ZTWrzZzyUM,824380419255135,278304194
SnVYtYANZ9lkL,689597921104627,867078854
hAjgeCZTB,960720811954462,530225825
51JwEuF5tNz5blt,246225680626099,891119696
8YGWeSDk1NpvB,059813403336155,460296801
4UZaesigRPDALK,434302980595904,987957547
YqlKOgqWhAvLzM,433088433040611,177502910
2qUyWt6JJfyiSP35,122684881315889,009904927
qLFWSnADu2P,230254870309732,543669576
IRqAPES2aNJk26,856070203949878,332605866
Gf3mouZ27,704265180529826,188972885
Z6XdMCyur,295972721928668,054699795
BhqZWurgJ,309066218320335,583602809
5a5xICmCcj2XLy,415964415173948,472511703
0nuytfmCRd,090005288322200,333189942
yS7jjp9BRF3DK1,584393545719273,892599438
PA9OOEj5qM,576800712527800,691901181
VNBmRo57FVwjUCr,830141699416348,269533100
zKTSTNuZMz6tN7L,354931993422035,692619303
BMS4Z9NlXAKtle,444227425854431,402195776
RRtbz196,303423178638556,722478948
yte9vYKA,159620953893932,913723092
YFJPUxGgLGesCSh,421171332568880,444680811
Xr5lHxYYe,386398778007647,569899135
9U0LpgZ9VhckV,165477808448807,491692267
0qZyY0dQ5,216302826352425,690002225
gORVImMcR2y34X,699464205647235,818512789
rKf6mzSX1,494030568565692,537836144
ZPnK5Ry9ETZ,251821189514559,238163406
RRO1JOfG7Sikf,659029467873453,660912683
OJsfCRhk,790645010995318,858153310
2eiuFSEPTdRk1ib,700434099218165,368538594
ZbHujGRADFzl9UJO,590370539538740,767970598
jmwKbfCl6xViUDy,473007838448609,439300666
BlqXoBIqhzpiqc,956030238118327,911689777
FOsVeqtXj,397600239830573,578182000
1g8rUlF3lV,000503832601785,166115913
C6C76tmk,524240961966054,409257869
rnzScmKeTZjQvnbq,851925445672683,712530015
uTqaAUoG63Nt3,524267427972955,998106985
UACjb6xupEsSm,546572053241419,846570778
wV9BB3EH,523082857056914,320097800
ydAE0HTDc5JNXv,051150257620041,955439231
GgXwrW7GBKY2,847562878591730,566119438
2DjVYyy1rVCj73Q,348936751339943,451112641
jaobs9ugJw,549595834732586,881872219
NeQESlHLB5RtHSN6,369675347159742,648985298
CxUMpzYR947UL,172990843872567,241120272
PRzpizdlcYIFa,730027526583201,188942939
LUtY0G0kPk,838100296947304,927083658
bZx2Hu5IZ5uYhs,699703800911173,935661913
xrohnwxwBiLY,019238250445677,369574480
Gu2tGCjPWhFx,891396533147159,660462503
iTYCxBpO,830448159988778,666078294
UQJahiqg,158840958199217,127315082
I6pIpxmSNoC,886989743159736,622451543
4XZhEAI9xq3Sc,940644858251309,695245253
0P2sePjNrORCN,135446431186970,558928698
gb71BHLQIsWfnFHE,695540246320040,893253206
HyZkLlxd,716710206542392,090214391
nKg7LPsO,097392917826381,235202415
GLkm5ncwviHp2uu,306405189796973,876959811
81XPpU8AeyEZyQD,445065873709698,209270092
b3xbkCq6AOGQL,506831060895253,143488454
dPRWU6vx,861534157769457,398922944
tGVkU7Px1Llp8,142861440604281,693747836
t9SJPGhY,657306705806264,847130732
Cbp5QEzgljEl,366112325426174,716814698
1DmmtmmXzUX8tK,993440612197620,243958634
9bsnPqTeq5N,000027327382072,263968008
hSDHPJtjQv5u,404489945372681,933818674
Y8YyRyMOA,156335653765917,007964513
YW4tsA9KbN,046804293167923,217953970
bB7pb4qp,738852737678398,980409704
wz2hVNbcSxQJ,070808523424638,878724615
PJNlVkJfZYn,722118484436894,159635611
nGfMRskh,909596674447577,579860347
b9Dg9zLjKtrdua,620035675482397,406798835
eDQVyFWTJM6IfUpu,308005801698519,912136356
pPbrYVwdsmN,203200103648281,100641687
PRCU8ai51tHPK0K,490466090890143,444321567
oQ0GZVEb,584437932925691,448978977
osoCKzLLJsaHt,176570689338508,739137521
1NlC3T21Mumhpa,691835620355500,735834231
E6ktHE2xcsZTs1b,831518638403745,201994867
yF5Ep2yx,852044197838886,593193728
UwbTD7E6ns5,547672729066801,315568513
SLlDWq39JUh,503590134136415,522697827
GPKiNnLK9Llr,225768711114779,042158654
8FaG8VY2VQqQ,550928221768922,693168902
FG1XgJLfB4A,217419598473728,080071991
kHlLsN4jDi,683522306986862,144479847
5X9KUGZueZ4,943011124997516,050532484
GhyXysnKS9AErI1,610007334845645,143079009
vfZ4867YG4t2k,076193365907999,202765889
iCiib2Tz,988264834121574,162137361
tC2yyu7R,363744039645562,407704497
IkEt0VuatSGuypiu,163574294491302,701046075
VuGFMl5QZ8jZU35L,619224581385135,214754002
AxX68kawEy8hkb,008474425169893,666532280
AYqcTgttrEokeP,018206931361388,574203238
RSkS0CVXW,212082906924551,429220975
krklVyG31vI2CeC,818911780895122,600201780
Tm8BqqjcYYri,031761030160625,904843667
X8rLY4owb8kVYajr,741423006146343,833543562
q6oFiPaGZA,136215913544042,450506562
NlddieMA9bQ,237573892778538,200062775
igz7VGswSLP,312748851483508,329287559
6huZWybe,602812336471708,929168602
MPhCLwmUYdkbNwx,742011186880899,070498529
2gZHant6PsB1UI,740496029175401,838524759
sruqYv6JK1ti,684727390679150,509748041
cnkotRQh,359958065134877,597076654
sX9ULh3Tcxp,103840443207069,608477257
NPC24Z3Z1b7M7ly,065701986251218,720093451
4Ukd6VpMfKtCL8,751424582802473,331146755
MKUYUd7WYwDq,980418439828826,850952178
N8n4MlSbCCoBqyG,742083366348012,017623592
dD6HevL59Olf8,741991059343773,078708180
tIVbtsuhkTYq4J,689709203043883,430036039
4OWMXjI8o83,279068691157854,396303276
gdeMFlfX3,688717743854810,413010972
iCMGkHeIXE3O9LV,525204628031453,242281290
94Fug5sQEv,417456733433866,773821503
vBYLKhcXdu,063816423463960,761949262
hDNC2jlJu,225633350388481,293584775
FK2yOOT38vUaAP,714908309149169,350739567
8OerzSL8LX1sc51,454467092994300,720437215
WQEQVSXklzeJaw,808803689277579,140376387
0GlmB17p0SS6qFI,423693199995843,838131095
bEBjp9quHN,777928220819123,876005097
qTHVHduI6KKMpvjp,047032628159070,115579825
L4pFirNOoyZak,175095879918999,145287195
1RTwbBQul,063371468674343,842498195
iI7uZfko6WNk,434689558660315,742150371
CC5oZ6O5,529669606199743,510241997
4jOMZlzYiPqM,452710955684128,707784575
YXuPPt6P5EU,616361279919890,900088802
eXiIkTv1h8IOH,353682225953793,476556937
FquYmjIi,334758377674301,315911477
wZL2K65ThAjPrl,082115659325019,287217577
lr05jz9naH7M,998464740705937,826180706
zannqiKwiwkTOJy,858920863185949,388973776
ODYXXZIwrp,821245088642778,543427356
PRSI7fmZB2LgRg,517638525492409,355738273
UHQqtnkZqQZvmeU,439812050404549,398215011
tt7zQBM8Ey,612318721174696,052127412
W87qX1vgUq,769676329959990,267498683
BzHegjByVmp0c8F,074352575204466,608443296
iXRQvcXUhT24clD,110403198169525,622683506
ZLVu2NpiTUZb9D,975014546731800,101855175
9jXT2sELQXgwW,179791195429121,540979152
JrUoKG9tGV,397078867669695,822870106
sG4GydSvD,520539294382774,756159266
13n0zTJjoVXl,229708548951967,408529415
6WgZAR5cahGN,515356580067761,985350159
MuMOrLd4,237174529066531,733850340
o80l0MvNart,744328838556806,381338322
S2tZT6ISSCdL6cI,478586837871538,771061378
vop7BCGhoFn,388175575483713,001725920
J9bocPg4JvqIGaBz,368576204254157,615363952
THVz0txRCYRM,518475869886993,230672673
Mfy0NmJORZ,923666329196109,673547922
gRR1wEsPJYX,141831547964819,986980074
UJGHBjkNgVC,545256401587323,236051175
z3zsW69y,101566442371662,526682074
QhmVDGwOK,220336788748223,601446996
1ZJLOOQ7,691340944635826,769426901
b0ZGiEGnsRZ4,013332400093187,796215968
atiVEFM7PYH,750800871923060,477237046
vaXLbQOMb0R,341109786020857,579606159
aBolVnlBsy,590486465388882,305273639
aEi8xobpy,316301889663918,292473765
Lhz7gMBxgYiO,814752755155906,047499459
dPGSTj87xXlq,898389571302349,688717999
PjPoQAxVwHbv,218308863980486,658130561
Ydqnd1SUwYvxcn,580056226136857,001733070
YXXtDmZeHA1vDt,183704759968757,004575410
LO0vjHVPRaRO,371860358360779,395519093
ZEbgZOfyeTo,978444975655132,731622285
uqQ35XTU6Y,823162445985814,444396254
4l6Sd99dM,835594356167786,643196218
f32jsvUPtqeaCOCc,660163492964388,657280993
jkLcv0hvQ6wFfoDX,412771773237099,852147152
uxNE26Nh,844407530791308,159068884
Vlx5ZJ6T79,692509348674033,218942647
ccuA3d7fuf,676261216281411,000710706
KWbebLNA,394431859960231,989669938
mSSB743KW0,486610412126638,697120491
RMZAGqUgXh94WrGm,272724986798766,709135267
y9iw071ufPNcNTb,558050233622380,389317006
WosAjMqmxEC1z,955375669586181,604598133
3GFt1FqyZUbscC,274724403461014,235648601
jimW2Z5dO,039815813577540,749217101
wov5JkW8PHVn,660630797827424,120242114
XtB5h4eeixIs,035269616115897,352974375
KzfmaRuS5wwAn,371679444937004,890550222
PByb3L8cgxigqf2l,987850363782340,831184132
0e2ikxWEmmdp,133567022503974,990476809
BUPPgZMOSJd0yoB,250032401818222,786319961
XOjGlw2FaDq4iZV,201665818132709,553619727
oFVq27b9f,773155298677018,870444002
dWgbi6dkmP4df3m,136911350121142,618731699
RaPW2i5pDD8Q,998085482943704,747111778
ZCxTTIx76dhnW3,895167257844299,996485639
Wz2pLXdIiFrB6,172578575510152,053267316
hWQoiQh2z,351209113022158,673060640
hxug3kY0Ts,687298778761037,750651210
YvrppccG,619714630719612,884274588
sKCmwHtutVo,766456296674493,322702683
PT1LJgEPnVsVCh,226826153060659,749060996
VWHCswfKvMunUC,300392371671440,423294018
xeecfdBnPZG9z4Q,783186453823406,975412439
3wU36xiQ,530719943327711,442281773
CRnpylsVmGnA2zM3,184560277624948,656953341
mKTX6CtJ6Pa55,348185520356252,350346751
qrmwVBY9WY8E,027192864227345,019622999
hXhR7VcGL0baBD,518138252491390,804045362
BhzMWkRLv,802314105332368,208098488
bSdyaNtx,422053947586966,188560268
6DdaE7Z9VK,356987975203707,624347357
KMZrp5dp,703869418692704,708212091
JEOM2PPLBh1L3z,222288326338277,033465828
3QsUOl5jShu,805552377555952,042069164
0BTrNJDJv,470010594769318,652886689
XWYNmJopbk,601388087861006,648886609
ifTzzU9HXY,162635957863600,327546331
w7BN0ObMzhB9l,391161808576614,975754374
gisNSqbafxeS,424961316330773,521023902
foXXtC9D8uV,985454399743092,893945869
DFb0UcKDNFN,103010268755085,719110593
gqIKnjyM0SW5,934747112478783,971357947
1SmGVtYFQUcLXZ,848927489987125,975351803
IMiYUUIinqnkJ,953395773396939,256588453
ucY04WyD2,016867675799664,390745082
STh2oGgARc,764164417408001,413245252
nRxSrMHeA6,628379801119470,438645436
f13iAqlMRe,676488798745837,326129238
OIfozCqkvtkkepYZ,567467835360219,910995947
JSrk1QWNdoT1,072448109660366,040258051
CZDgyegXyvmd,934482237393845,309662294
pKhH7X5bVis,546359400100372,939100162
Yg4zz3crOlecyICx,588422230732551,886258083
0Bf9FsnpNNs1,976874905922509,367159008
ULOvuvQHb6weD,634621099940944,322559398
ESc3LphRZLns,047940696256337,201559895
ulDvNvOhDMtVdwJ,075914392767395,638732677
vsaMvFBqRRoO5e,139662389468050,150027620
yBTd6Ke5rwoo3,334136892184964,385600524
zi3yuthb4soqsLGg,846828696976665,273198342
KZHO73qYl,115091989171672,637449847
QdrcC0c4mo,581004797695976,382382896
dY6K62CEt,756069408544687,223679408
4hpoy6mH,139671593142403,171442092
AStdaWEAyNzVF,951471290847739,014168424
zjoXzw5Cmo2,675442289672768,527850620
YUgo5A1EANPFjejF,121607633846469,391975838
ZefxozjDl,160561087888254,878232603
jxZwiPJrp43v,560643971747282,544237319
ZXL0SQWmKWt,597537928978845,829215472
G7OcnSptxIY,758124188611601,274682247
fCgCuMF6f,597066651216851,941733890
dizZ6jOKKVSqic,030325134792932,951028374
0llRUULUOzQkn35Y,454557944332958,805885800
PxNLmCm9kF,001417427610309,191568129
VPvV8GDQp,973721634449812,607535161
W2SfpFV26ss7P,180357599083887,080994581
BrYl8rRm8hvB,069798140570658,012024331
wDgc1sWMA,130958747651142,701931187
tODZ7QWhCYZ,496383049960203,313625266
YnfjMTaeyph1Zq,420636193116138,455711714
rLY2gcep,357108265497523,194788763
NgroejTujUwCSBad,012084851797150,158631844
7K0w6TeIefGDKUXE,977092159085459,235710894
H8tB2HhqQS,346888862664945,731134854
dV9rhuEYiLnvWF,340945803489935,576388872
PRjyNMQloj8,796150957089501,917363078
T2kAXbUtPqcMxY5o,281699544336834,570612166
mxsbJD9fkIWr9v,235409649927236,726662721
yEWMbFc2Z3sCgO1J,424778498407341,525413730
qHnohCUzd,148338219244172,886681902
KFBdK7RoW,063278214375397,762746087
Q1LGjmj42yFN9Q7l,926826208226780,901349234
31csk0SE6eJ3F8d,800676081107590,631737600
4fTB1LPayPlVonRC,600428489430838,890397528
d02SUjwZlMvba,163587053011994,324313401
sDEgzzuzJQJ,493342906333417,389388562
poGGMSmsziE8,575731331400642,161917266
Vm5PuTrMxqLJJU,750824214652246,369805820
ADLq13MPjCo7x,848364630818299,532698898
pTXz4Xx9,895315503921297,639935756
gSVAymZJa3NJL,607575496327580,959079739
7DaS1Crm34YP,660963131546202,523388038
9TnwFO0CWxk,688247812463152,275215551
8lBRupIzQLW7YDO,101495005782089,641919141
9z7qwqu0VMw,788650457924345,494476554
gCWJT8sLv4GPTK,822825406798298,773756498
ucZoEpFng,016994528470893,727164608
zuepI8NckL,845303522849317,820190842
T8jn537q,794485664341531,521256009
fMNPMIHVtJ7CTQ,585336486005831,107041673
xG0zorRvIb1deY,187197864902229,570218369
jjH7e8oBMWN,293148875906471,966841865
hI8ca1kGr9j,637199105578693,651171138
jAt8SqEN46RbyE1y,005641033600485,335661632
TRhvq2bKFqx4CdLz,225191643091883,051109057
RtAOTPCEMdlTXr,760061887485123,477104332
J0nkwzlFxaAln,451055491454543,507975739
6KxyTDFE4ESluB,174201715281085,319449552
6XvcrEc8HlJQ,060547708640596,934117579
Loj5H4ENI2qQ4hr0,800064544331999,386222944
jqYUA2RQ,196073390345229,402569563
YHjKButOXX,163281696196260,821376176
PiQb7TyQx4,582958635598681,256309088
WYX5CGII8zNy7twz,440073595619490,029591958
0pDV6HbqiN0Vy7w,855631595072115,760349468
ml8wmnK87xM,805347884975888,561714045
qMDqLawHy,779089371742439,892554387
Ylu3haPhuVs8,867772173949088,782002777
52cEyztAbvM,665274349084282,655705847
kKYf7cjglcV7r,287143673620857,241479413
rIQDmIKqROT9,937975478413280,153582118
Rnd2EWQ7o,218977884882692,038977945
y1d620QYqV,362160860857043,630459633
ZVZtseNDye9dyv,208289049811067,374209944
t6tHv8mq6qZHz36r,586490384819454,267172377
HN0YtJK9t1a,527485282083051,313566581
9skqGOi42LO3Vn,135648269741079,061316018
R3DsVoea1J97,546763541866007,998629129
Dx6DqbSc1,010652982733707,476272670
38yrDL7tQp1F,852472990159350,043133088
4LY0xBZVlWXf,035671555219635,359437802
FMprws9belXRxot,753955300423567,214867988
ya1baMcLIfgDnN,595195445836599,493967203
El0aUpLHZvZ79,649365915877825,130668849
wDlenKUca,267508749029112,758075106
IJmN28UO12Ec,712564835924610,130396849
q5P73HARlk,693646589358261,229907208
okeaUclDgYD,902798214433834,305227092
i43o0QnaqhKpBSzD,035833370186473,947835779
5niqXES2vtFI,162583208127146,843106714
ZF7NTDHU4t,399411179880945,137571924
XCWKi1oJzDaz4Un4,498955003932763,738981858
d1v8bofFs,718304130547218,946971915
ptpNsXBG0e3aZ3,790177233884910,907110527
Pnu4bzrC2y0kI3,235763488857549,600276045
HXhZCkcWPG,684751187798277,458408717
jOdqeQPQbdhl,416419381070681,551488826
CEMXsj1wx60IrYZ,514973399834947,285610805
kbxBXdWiFc,401326019157934,722032785
xa6TgjB1sdUOoB,960759108249036,645993618
Vq2qHy6P8,559790294989630,017677504
36oBK1SU,118960380369877,393245236
uEwtcm50lT9x6,007265861615543,947767967
ggPhspumM,857056613724100,259371206
4wnhINnjvmKJBI,769865401461738,993432949
wBQsSOT2z54X,336169503709243,795341269
5zmaxqB6QIh9sZ,652554283183021,513357961
Xdomj6OYwT,053263544334534,978825185
Z9G89DPHI,234435669863874,391646116
PDcZSxauA3mCdp2,398076918778572,559515023
tDcJOS0ANS5RvAca,987717335667054,902149702
iGXq4qVdT5jH,788199072384595,838705461
JAQgrI32gi,981644703434710,537748688
O7Jo7e8mWJi,679556479579936,729638177
upMu2TzrJ759aFox,233893364445468,502917086
Gl1kvKfkN0xHepF,865463522676840,391199693
fcClpcvkg,691731260681336,095307254
i6DooIOqgZLzh,540396867728238,738382459
JRBS31L6pWVFEdw,237357046808296,062462417
FzRAlOcLhEGZL,790238835128384,963013765
Yr8pR1ep,646671390054370,545157092
wH9BjSz3xw,125360997501181,313907107
Yq7IGssnyOW,151806547113784,460324093
mqzUQyo5rDKq9,215421099043985,011185473
v3IP7Nc4i,095543519589620,542704299
YQSG3i1cpgsQU5Zx,025445255808322,230701964
huFKKz8zLMm1dM,386707120725914,560485594
TJy25NYF,935161105103598,073662094
yv9VY2E3lp1IUo2,339270555010470,254180670
yC9DTV5MB,449558004718711,656017127
VI7TAtIWADfLpf,943183535913551,120872093
z83dofSMOf,157939225654852,039744146
afCBFRqpQeFs,339624580569127,317207770
FfAN6JLAjDzmQ4,646386262785921,148736930
vnScJM3QiuFCFM4,160651459176016,097563977
DmVNScrZ3xe,774973785146291,802081955
bfDCjhWclF,461635931485783,723884630
FxloPLftP5GsaJ,320251233238418,069576532
gKylhnJbF64XyYE,029837367424913,480140958
zJQAYTGzcgvdVLx,358837198912773,922864310
evb5Ht4pz2vWI43,913615075365734,546888340
vOC429vw,387789120289614,383433602
3tZNkeDGC1fkE,071142761429240,309163624
FDESLnKopBeKl,201903990173546,421810217
x2PaDkSajT1a,020556767626302,389397234
jxOnm3i7ItnZqfj,963423981881560,941813077
1rthyMXKpxJ52Hf,036053466518598,429114236
g4zcLIFpHZS,397636605215592,000601743
IfzmiedWu3N,404878137257947,693896785
QWwujCQ6,755451109575143,318203066
rLbqsJgNL6N,345097557222789,806952391
VFMkhXblgMNC,808540759691310,726698782
anCezJBpFgF,514506967971878,760695463
1zKOZirslw0kiK,848498343367289,906359732
gOhV9hqe9Hqmp,236333535133238,425363721
OHZbrJmT0gpLuQU,656040604887156,907406909
2Ih6bDSNSsPlcJLh,123424533150712,228597980
sY1jLraylh,627983905423542,263707694
kOros6jnquRWdh,663834767455451,216423457
Reg1JEYF51M8DCL,828618923431040,733859728
bdau8mJ0eMO80F,285787802381385,025641660
McEsrDcxMLwT,656360475433288,212532349
vHi7tl2m,099275006743270,629742285
4PVhQnZmR,486940893450921,168289658
cVlsEp2reQ8,711652756279692,077295743
dIKOMljjd,895422073485457,427755510
PLNxUzbVkvLPvWQ,496932079125214,412645951
1d3OrqQj41IM,675104398417370,581760157
1ym2qrOToFE,346583351229056,719119074
7HiI81jiXVnXO,618981864582356,418610869
sPKBMxE9MdvDPtio,977812382164176,315991422
Y3RxB0yto5EFjrt,886470765264748,196630180
7mrsxTFG,053553165527516,327596725
JcZQFPbUDx1N1g7,876001609578254,318245819
SO3GQfKwZm,754813977081324,620278633
hhfFBdDlBtJ8BD,407329704020345,480579868
G6CclVNyT1qh,920821433211469,214453310
1HmETy82T,918008779761334,352406697
Ll8ictE7,486542846878995,582657814
ffMKh0LnoxWg7l65,012822885000776,773443889
dZstx47dfVxDE9,014265035331860,026165668
lmXoCCzdNXOKvf89,735938504261110,631486883
DTygX2PoZpE,939444709316074,008731932
RHIgHHCATtA,252084341521936,558186621
6VM0UZOHIgD,764208829125090,007654187
FAZ2UldNLwdDmU,202589495912122,549279867
zo5fmaoMf,270087862791945,800627631
cmrAorarenv4,630958373803963,712500173
Dpvq0PlEJHd10eVU,974044971417609,402076957
7uDO9Uvva0vtH,501172814695613,158153919
Eli0MvFUt,795094104819760,438457854
5XPhyH7Aa6s,204170342748544,355975071
aZlcrvFugrEqZ,248481512526276,932285459
ghni2MhPRFEHbWy,282015343017876,640717209
0w4wknDfA6hDd,106881025352548,354640252
IH8GK9MP,143403788333552,927508250
KuAv3su590XW015Q,081517665043258,511215544
olOxVd3V,507135046323255,463418260
Qx8eoDHpVB3ur,657894631103024,591687238
ocdW2JCeAwc,216686858818119,292665260
c0qg80F4d0OxJ,419464437737133,949615210
q2EVl1wOhh3VTcC,160568202466535,288969402
B9EFMugbfHab,085043739704717,156777147
AdSe0NCpskLZM,827971051287667,875626917
t9N9ZVj6MzfFnvtJ,650675117486409,719472751
SAXXZ1tR4lVN7,628651624340001,951267408
3hjINYLcWZR,982632173158418,683428899
RJTM7wPlFQ6j,512249772031235,875003468
j52mc3jG,538464117314556,544675555
MpT02r7sTf9hj,852645584496789,205604829
6F41aWI07w6z1e,661052640479527,491911030
b8XeiPh40W,800471478495801,369395439
M2JnnMXEWqlH4in6,882657239308181,012497483
u0mE84oR0Jhe,778695518339406,187757571
L767MxnnbbWof,319170512974485,204745961
FinR1OBs,526156475109074,392985800
4emGf1YO4qvq,056694045276236,841831005
tfXqIfxpLJ,844958029537572,136576061
o56Bbk7MBv,528084796760934,741635470
yW2MOk52mK1bcGAP,924653119992007,844098773
U70vGUGTsw3Xn,702898094149941,919268989
6w43XwGk3rNbhW,510265063301449,303246814
1ZghSrS2OuIipXi,018723049572527,628360233
vHAIG4riI,566409325013543,458886560
ry8HRtWw1,840376977464113,326893289
hYoB8g26wF4,576121121054543,330169130
4ZGYkqLZeRk1VE,204589474399899,020841140
IrqzphzHGAlT,547914009814800,458461719
sRqsh5XRl1,984590572388594,618198091
XhxK14TilegCef4R,250518743701803,735169071
gwxbDgAlgWr,228424520348813,492747212
AImqz76o,607215168791186,864422108
GgJgQrFL,067119856182576,498633189
i3B2TG0B,586248619448727,492656073
9LHWZDWgDg3JlCz,045765702223274,894162964
lL0vaj4R6zs8AHWQ,156325430403868,212657748
AYHAb1imKMG,655772816863068,448793093
PcG38xkmq,127479552574280,593126959
64RHzprH9FD,818555789493194,860602037
DqUJ6hCudC1gVnkl,114593241105520,412459379
bAJjpGR3,022738599302210,005155426
vkH5vA7pC0qOVVh,513852607740566,943528634
4anqJ2N2gordX6u,043167895385611,370460291
HFcy7yOaWhr,042752894257237,705450932
ZxoS9yBWrav,525237337280961,284353736
k8ITJEU97gnU,285444176896756,723529090
DuUyWvBdtQR,637162902501809,008371910
464KJpjXcUXLccv,464274510599818,511817035
WKlnHiBmVy,932442993852047,490031570
fYnLAn9csTN,337260122583515,483554438
KwTbclpmkkSmb6,650190906285697,731219877
McmWeOsacLJ1iU,602559756783553,211259500
ZiiNNmw8rSb,217725540557874,077576236
cLkzCL9JW9k7GKh,611206366961467,439634684
5OuIatV5Wf00,046600047366078,225969713
gYIwHtVS,703322816543088,948775743
WnKINIcrNYeht,863799559663066,144636726
xeZXIjBLFt5luZ,642468446496448,992279434
FL4ltONCwYYhTuM,412244719159409,910956340
RQcTIzeKDY,626974091755426,550609806
3QZOKk2KF4,799638895561335,814607054
n5ry4IZP,323021195184813,921144341
Go2KOAmjIF,720279946457939,498427698
ixhXZ17Op,555552121739530,519563424
SnGm9cFOp8ggXp,014799002916894,034989186
PoC1sEBXl,904238973324668,527010098
5q6hiPQ6ngZW5,020717024182647,602194141
3inOUg25,824510690082069,585150455
biZM1D2RRWPLT5k,523382542229644,107003549
Ik80VR80Mc,399908706204396,370413415
13qj3GdfIYJEiqA1,019597533674278,649091434
F8FWOz7uRN,529482356330595,202507529
jmABYOioT2cvpW5I,942613889079105,443307251
38iEr99n,134505761759080,135937110
g8WgZ9ckyST,719633823208221,394093505
NXev72UH4ck,656267993336197,652061754
zsz1VGLmsHMKo,745705279026539,899809352
Al70mSVj,879772009791292,396892163
M9TZc4Vpi79sMMv,771225594445478,940017178
SHLZiEtUaLcCldY,060212403734286,609513334
YKPi0KVYkPsanXk,293995610973022,287734993
bfcnTzByoPWXR1Rw,207575888478578,184913733
zCB8UTQ6iP,566524984350524,722791872
8dLS2XBB36X6RS0,277947181697922,646547658
eBrsuKLrA2PUvAI,776374361530342,176860541
2lEMdqDivUl,905381717173044,984577747
hHgNgmOz,802687494810063,416712951
A0c1hlIOa5,537660623238385,472431461
u3FVYjjeNdL,109215813300782,032108401
R1iIZAjGGm85nUiO,652587543907491,663344535
7Y99qWPZYHqaweMl,904139185133464,307223612
od2Qb4JKs8WGd,989313642379117,317509233
k6i6hj3f,987193579346646,215206558
9lcE3Wkuph2XcRcF,750156566902697,792945560
tnIUOjHAzhEBCdP,100863654697569,301144231
dIaj7W25,570079893480572,516736867
vK8iD07RExFYoMf,019334784532118,260120923
GENVmsrP1sRb3T,261387315386600,708231324
y2gIgdgkIi7WGb,163579753887833,887072040
TXTIYZK4skb0kHF4,946313606051495,834549620
lsRI5MCMh0ijm,854086294776973,773638837
5wI9Za4tailrQ,261158753145686,163571295
4897JAzj8G0Y,016839307391855,808992033
rJc4dCTWMvHw,486660425670012,453373473
JeBErYzxWsevSJpl,424980774481916,148429778
XglOA5RlZo9HRn0Y,478243225778013,225843522
t9v4DNJT,925248333997236,819373424
xmyv0obZ,191065800696996,806133608
TTBWd6AQxqMIxTTh,470493048847867,018615891
dIwUTcjSh3,522584539565667,401297928
f1yTWSXnf4,741518654248284,217454939
ji60z9e0jsUzDHV,113860814632977,321632541
Kg4OUdflIi1PWj3,190693233178343,519001472
2X1Ehv21TZpGyx,113100223512880,360290311
61c6JyPZg1SA,754493220905859,213417486
ixfClOJ30cDig,112936281504644,492540228
XB4rYvkhXCh0v4,348603594286691,020954356
RaROOdGgoR,399519893055101,680819861
MwyVnIsnY7D,261938529297469,168740991
vXuBzNibtDbb9Y,697086728619091,013970215
DD70D0k5E,689421613974222,450382920
m3BlFJXcBmeaHR,933303542577128,231632772
5cxbMXDIol7kmxv,146383878865670,798652029
eSM5DX07lZiXq6cX,684763646574426,966616889
TDzMpraHMiMCMQHD,865116724248919,243557228
iF5a0h1QRqh,050632393450948,996753481
AvriCB28anO2z9S,428872944295053,665518603
t7Uid1GRb4ALe,404723354283443,898702754
g8cZ5sky,804611550531490,358095013
nOdHikRR,271577175479358,283196921
XbOnjmTMMjqm8lbN,408188625102256,398488946
F3WwlS8l5b,821194957013965,211965667
fBjLGIor8kh,176058300780649,475350781
fv2AifVZGgauYe34,614829350793056,945231440
Cn3BVG5VlQWoDDv,539468697500211,601053447
zmAcK3azM,540745552603938,604714605
VJ3M4UKrlsfLaS4,776105421768606,322655166
nz1HHVmDz,862127431580118,529719410
6m9PzF49,046741859299161,242200719
Y1L5D5Obzfc3,185696156289156,595049550
NGO6yozR1iHELubS,972151793668352,894496172
8xIL6059KdYA0JBU,860396121801549,493952733
gHXY7shKFH,801121030966002,856742293
FXIfbBYG,435043429420769,400224856
EuzJBhyDLk6d2jn,684815257772709,396808010
lqEDLPlSUdIYdGfR,350399233553962,304618374
nHwZEIoOAZ58,316095541216008,192242514
Qa9PBQGi19U,324643109634353,044083163
1WkkiF0aCyw0aXa,274840721126422,600539360
z6HFZHup,120269317069187,678694158
HzxCSbF4H,827906034344068,487841378
uR1b5bANcovZLmj,110420035758366,973537484
S9h9T3CUW,041244818877303,267412586
9lze2ljqX,582488177625776,492670052
IFZXiSBA,182027516767850,734073835
WbrqGJy1YMky2Sb,540716084830055,523795940
NOVqRUwDSvS,387049554269530,785899642
9qKpTx2GucS,837757919522342,981046334
ALLXoTGZ,866420808615064,128920272
o1opGIJB7TMFytyD,174748369975037,390624425
cNw5IzYhxNm3zBHq,105104682870355,504231014
er7bAPY5UIYCQDv,382177207820363,705305693
9pubvvgk,159962187092868,289133856
kMuaMrRwdbQLwmaw,875725987484461,154318695
xNDTrrE8rmnSU,762058834376969,236049758
SAGMrFkFwcb8n9av,266568580917727,796269708
IwNaVhgc,477903926144046,351235670
zcdI1MEqH37,253989117780026,494721588
mmxrfjTKUk8Pumm,286117626112574,835061512
TjGRc9j7PB71mHKG,302802178779364,188921464
3ERjhjG57zukz8,281701265043975,509942095
LE1d9A3hMO1GOO0i,842680383014460,636062862
88O8kmZeRvuVS,529596957651273,568862261
qmzXzrHrl30jz,968875831053667,786071925
wY61Kc2riJOEWT,283931495006526,169520297
gX9fB5be9,811945602318927,971051895
aqe33cbO2b5gjTeH,491050356373966,775663353
4Nts1pBT,639471641978082,456484931
VerKvOBekx,174279155287356,498908311
XEbX5vMUCJYi9H2,822552447294653,314538032
03PnaqvVz5hai,237931949565888,859008421
u5hnF4lh1SdeSe,071505880007818,884382586
xHIBZVfCxb,025013438540594,197968702
8lVQRWtTc3HApqv,185604619177825,596938201
3smSQVyXjfRwZXP,660290911586390,238807160
pvyr5Xl85jWUs,699224706287754,935423278
7mVn3YYxh1eMTyy7,741161168375727,932345798
MjsPzOun,653151938881565,068587513
dtkPXXrD3X,190490486354643,398116865
kCqesFHg9a,665041718155985,988474930
5DGbnN89,658132946460117,762998004
oanyGDyIy2UMyS,185263482755035,249227884
uN51OkHKokM,391981440356553,044576760
xURGHlEfOVD3f2ex,745968100135373,139191783
W3lB6EipL,013896095111835,687338939
eIolYBv7vdfoz9,878511710578776,423024533
Z9RAQ9pzMIT1,890119959206011,689109784
9l5qc5e3AUz2A9,378931667187421,343678759
zrBQzde5aJu67NnP,994451330865757,917574650
2kvlhOn7il,518196299434358,308975486
jf0C6yxoyXMfnNik,967775824178614,701796776
8HGJslpvlRq,614710311616662,990946349
WHxUXFcY,033810974288635,813772131
TDbKfmRZ,154754170585652,519125036
LJ54GlSQlbIR1Z,955097303293536,664407460
h1c6CR4V,481771063370602,075037740
kDDwnnE7vSA3Iv,294836554904034,243423159
yTBCjlCYIyhBN,783836408414262,515080290
shPhDoVafQAvQl,984284915876551,774714874
2qFps91MYVnyvGr,037066150606012,005607658
GYMm0VDn9qWQ2VPv,344642522798040,464331458
poZTsWF5fTUi,109974271745858,539439869
RSiv1zYjKrGE,187085558008433,396519140
zNyGfgQE7aGsITt,836215550027852,169082608
GC82ixgWZ,401141925690738,936822082
1Ty7rZ9PyFifLdF,649326249331021,452016888
zkYSWpPk,085313337779421,010537001
fQyp4Nl9FLUhra,104267145790064,562364107
qGLqhVfPMkX3Fpp,322362673921798,166691588
FTfYE8o0fQTr,234302669379021,668396233
RGHYMnk62D0,383643917895525,417440093
cZr6qmj8,345289478109810,730172498
pLYsJkf3USP1YLK,466014356519874,312207008
sf0IXOBQMdzzyGs,715917236615193,042030206
nfHvixtfSY0kgAnZ,275550166201409,008631000
ULyP5kdwAZ1F5ov,472663239207203,953074788
M0lRpJfhieW,758603208702167,507026246
6Vrxrjx8NbmOy,276900481086540,948695847
YQKMAqFu0g,487518700758697,367654849
YAUbVMRCAYPDv,007826095197904,560456617
2KSPqF41tb8MWZL,196431921785102,282919132
PA7yX5k04iXZwf,839217747428322,083801351
xGDM2csX49P,182653433392117,327629044
KBsVR6I1ffeecZh5,065204995296573,968661842
PizZRmoU6qgn,000679815468372,922669518
wDP5E5YO0bfjrq,044004167391296,126506623
Xg7ltD8lDu4SB,414475666338544,411319928
FSMaMjxJQWXw8C,507355362375696,931582187
6RsMEuqZt2,065728140757266,381955547
pWk5oJF0ZcUke,743162058412553,085556008
KHCQFiHx,071439056250163,780008785
g1oPrhUSPZJW3TUi,929907361979746,729548046
4stpjavwnoG,691756312253196,104756261
zqMUAhbNfKBG,917206583600956,449764831
HxZVkCeH6,121117326895597,258541849
RvPjoF2B,128819780570405,099993422
IMnZEVA0VD8Uyn,300614972847574,904378314
ka1eL21WaVEvOEL0,084945536259792,830274878
sSqi8uUU,081128432923862,021699551
5Pd3L98QPOjSnQwb,679293578476644,222518020
6WWRyuImnleiqh,352047990990657,151319045
2p3sEsJ2UUCU,990776718157292,810063019
f7TnGfxh,079066621022050,897907402
UTJvBZA9EVR07,004523647926150,417852959
9c0uuQ8SQh5lSb,075268091280654,755918796
VDcF9GgdJsa9O,936174232918485,456160684
H48xdTI316kQ,723999310100257,323532056
zLYuB3AVkA,110288493541390,205436336
EdY6NatFLJ,443026902074494,280175355
zmgPdWnH,978566429342931,171839649
0F5PjpvTdhQz,061044953016196,620820357
pPvxTUK5NdJyyS,594885839813122,794941943
h4h2RTFz,287238496975465,551311122
n4TBwNq6rj,953748473281803,253540029
0TDlMICpgW,872130635579546,399813833
mALdAm2L,532949101312073,108756203
a9ajnNooGynsL4,694567859649166,328149527
YKlOC1cFXYCf,536778981263808,643596321
IU3NLDE5k,634334824939090,988756007
gcjljs4SC047,749147738191540,755641236
Qe2apqS7HkSldm2,065362775531932,478176576
9YVGVpYT45I,045577300977953,371783658
SezVXRd8cZXSX,417885962146166,547616691
Qzl5YZu2rOvB,151142377006654,805174308
M1ZZsijn32uV,827922958722902,265738927
4us0oU3FRSVvi6z,200488470901470,830151635
9aX09N9Cgj5,385278434383200,726183904
Chn8D7YWc3wDH,698248882010763,988918641
F4VcdFN0uZCVKO,430235602645938,832839428
Zr2Sw5Zx8IjI,838873820552075,078387923
dGizy3RvkvN9f,380187282517610,033724049
aXoczQPZfTVHU6bG,084380321014347,503498950
pTelQNrd5xuNSf7,620589913007153,723216016
HfrukDlI0,009186889680646,840176028
FyGqqLOv9mVDDaz6,838952149132791,391828441
64vCpa9Ite,487176839105997,887795854
FUOQfpf53,776514939186374,982495187
FFQdG2RUP4,459958765956130,200869951
VbuKQvvFLD52,384181061625201,984206030
fTcodcGOouf0Xr,423526111148413,322313176
m7SPFvDsK,889526812466245,902952298
EjvdmihrDJn8W8,284023859775535,375074701
W5RGhguz1AVv,773401941809108,103728027
qPLeWjaNX5ECiKU,994378507317172,180559344
nZhyfT8PjAL3bKG,942398740222568,852915603
B8alBHT2seP7,443548628630700,257849554
cHU7Ztc9EuvX,721585728137894,801205166
ujCasTuxYm2x2dLs,745385484748364,094942774
4bmM5JfZ,040818988126146,149558995
D3yV8lZyrXKidrA9,998490634065930,091766520
o9sQezuveMajf6Kq,507121401520998,843381561
Jd1B9VxwzN5X,649892747705878,028702840
yflcefS2QoS,096284852199749,338642995
2mG8nM5SIm,063199150668193,094739089
nbcDd5EM,831538126586661,123247668
lj1OIH0Pm6qg,191847438333093,124784491
4LLk1H6kTUmnHlqZ,696825750942142,125333920
9nVHuAKhaxApFBIs,981945672795458,063768873
7zX7u4Qo5m,603477860445416,863065778
njSy8Yx9oP4uPuzp,816948835755820,700264979
ZGyoYHRq,225731424322770,296814033
6MPP8ktIDQAmZp,092460941267554,709017087
ksErnHXbx,864885743880637,390636452
0L7ImQnvF,364002560967283,832464638
oU05lGxxXvSBQF,300105819637295,788703711
1g63IarEsYTzx,681538974643577,907748529
jjmYMndN7pTXg,453193123287583,784881054
MZ7UzVgSclmcgj,865452276214849,765080895
hCwkAxyp,506224691909560,530722230
4gmAZN9cXLy,823228549942317,140697899
P6kT5BxiKL,207788789920975,422053809
5gsGpADYG89,766635506383448,706851503
8OzTXoS7bR9uAZT,190403990963475,812714749
ZHdFn8bri,989771426055062,840162661
CDbW9GtE9KUib5D6,309641819589126,551839122
WTDm5Iz5,791379639827294,151158356
IvttyK39oJ,488106259734225,591797574
uG7vYQvOy,152404055395888,943853590
zS7OrncGAO,287205145489728,053597713
TqOW3Mx4Rlc,601376474222504,583521750
YSbOTjD2hy0,604116484342573,979803416
jNOLOnqbybGF,567418949198243,138870024
cx0zZJtbKfGK7,203940060651484,296839502
KV7w8s4tZ,065535507916553,702686234
s4RHFqkRM8C7,411596804181462,598566816
6KGnitJ4QHQt0aY,395336040755057,343587358
k3ZPJ6f0uQV,219024749601884,915117938
8M5rjP2v,952312481459225,454240094
TNpmjI3n5ya6XmN1,991086742836811,251283618
qLvQ4eWoKwJ,141295013055746,627576924
eiGC0LzcF,194649181664640,840060839
Unu67A7l2hIVgh,797514198447300,938094730
dr7iKyPQGg7Z,598735903490467,209888388
EhL8i0YmR,941797070184648,527520329
Mu3zVItCP8,108283385896578,905208291
r3KNpxgj4UqhW,851020428585295,473546299
yOddSCUhmMebhYM,214814680646388,923778163
fkkozhlcfeLx,438357975906945,775426300
OShkkQ7Qjq6vlH8,322589251837067,496976266
BpvARwDMDBC,159378909641806,004730810
Hrj3HWksHe4WN,993661490082652,304819752
2JjX4x5KbKAEz,182849185814072,488596436
1VTptQUS9QMW,088037714138609,149014385
x8VcNIx0NNgM9Gt,545636468212129,159173666
wkfN5sWH5Afuiiw,532798012885234,906124349
8ixoFcL7,003009964239912,112582041
HNqfZjJgx8A0v,835408516077863,407183095
TC92LdZH01NMS,601430568215333,395682689
bMyq1arxsWka,349479579891016,347118884
PXtjPhiobWL0vjDa,825519297811222,128914965
NmuAblQsvV1sg,457059810368449,626953655
VrDPwI1z,575003152276401,489588871
fbjdouxSnHNJ7d,490200253473537,729758179
2JPuPGm3AdbNf,171464277455957,436318983
lKP1GrFgdu1q,558852270460839,905300528
J3vZKTHPv6,967601402158577,742436023
Am30BjoGsciVXVH,747208120671741,771409403
0QRL9S6QvhY1sf,775733268490587,679735659
wlxy17X8,984530529142719,032132476
4OBaxt2xNtzE7X0,385754717774588,266959890
gryjGkT4qKONu,593336288510531,598487803
8059ffXW,880560938884810,529425948
S9aWf5kmnd,477377297476959,741423706
UecQh49j5zOl,838591980066474,508588579
qqdCesf2NeO8kN,647873156552956,225022665
JYeHYLD28oqzG,359019975776369,718579880
x4Th4H9ooc4i2Nn,802936093261566,569343573
kIKk4Lfu2,646910362661966,334694987
TD7vXdrcj,632131064407963,729713891
JcSLSrUgDW,999030349229884,700287222
EoGZX5NPSu3ytN,048230321874503,687266444
8aCjCVtfhNjvdNHc,333425103700111,332216628
cQPAheKsk,300553079900406,570227320
pBtPqjvlQpRq,218705658349696,000473867
j0BJr7VKMPQyv,234367806257787,277812637
kmHAQTqWaFd,342773007744390,635521726
gKgAzgXmb,489776858973907,829388557
K7YjRNlZN,850047592745776,289480236
dBskxvFt,417556235633710,731294220
XmQ8hddbMlzQdf2g,270177709939514,818545215
Mr3qZB3L,082198072776699,613482801
EL1U30X5MIpQ,881139622856667,065806252
i0EcBHoFZe9,745255500892241,607795066
BIV2ESrkDduQT9L1,158203733563835,435212482
mdRkuZCWTE8dORy,567484941781421,218589964
sy2GPRWD52U,180640584056158,084060206
n9qqHn0YWe8RJv8H,624698607633138,382919829
cDeWrXrC64lcPghl,657024577205421,715383650
6AbTQckwayI0tl,733269242098580,416476697
CWsWOi2Q,618976227056799,077325510
U2ynfmYUVlunfI3S,102328264594815,686580833
XWLbjhkKP3,049133400775367,712894555
CAS62SgEz,024302212112209,676351831
91ED5aUw3KSGG4,659688544408139,689233200
EV9Pib6aXc,945606499791407,395512900
CISKGbJZAjEJTMeQ,104684948354785,219236426
WMK2xkAj,294446527907830,743622341
qN7YfqODaEo,006315203811353,268829331
1UKu9uRrr,773706725267183,347921604
hqe1LOqlv,813642312917328,466466734
PnoGzeoDc0,920368895376646,878321333
RdS5aviHQTQ1i,005037389444013,006549986
mTl5nRyf4,262218886033456,489162547
K2k6VT8XMrbukJF,830753924382146,484333385
5ttUssrXl0c,970323708913521,652582474
eyZUq8JngG,592330883316812,251166454
qtoiY50E,141146316369225,262238705
bp4cQmrqd9s,907194717899134,141048207
kzBetVyv1pQ37,925356920829974,452877990
yke7wP6DBfaq,563037476347870,323147901
IaWaZCfE,458169351514256,070308328
UGtdyPDJRb36Q,299711626290404,168730395
MbBg0NjsHZMF0j2,282844899340865,410683517
Ux0gbQNY65,598867822180649,016589583
FGedvr3NYJ7Onyc,683994496035460,814090284
L8Ph2nXWj,071056626123184,871225168
6wh39QtKl52W6N,426583468761732,983223961
ZLoQ5aFZ0Fcoi0,796288187981397,294945414
b8pcDCfY,388865332605348,276097915
KHbjOaWA38nvZY,519823194595924,255632013
eW33gAceBvvuIB,207846999021559,779754388
QJBCuolQEhss6,069007480728098,465442620
Yar5dkFLWc95E,967029916632925,260714683
Q3WEaENYzUHDZ4fD,008135521329787,183720313
XczCjyYzB8Hc,581934206695561,338751687
2TPKwJxdq7P,434633372231180,168254440
IQJjM0IIhs1K,457710863824145,013304439
3mEhMmgPRFngNDEF,426318846369278,206835271
jFRZ6PGVNL,717669591727590,196513964
izfviAFre9PO,362145051995674,099860748
a5UKp3FlJqvchQ,300070439201414,311832546
oLbYi2ka8,411215817592656,691669441
IxQ1lhnzkN,320244325255495,790271198
7JJkgdofVHMTE,377605285865155,115566731
wORaKEB5dzs,990987130750759,042961274
cABFFcnCbi1ZEPMj,383648661158748,442872692
WU91xRVoGDXZMd,889175153652527,397708153
lxgcQ3Nfe0iI2Df,173380918590873,699634764
8x0fHaqlLWl,130804136807386,010163635
q88hYyCNS6lBI,736312426289844,396921612
sZNfORK7yUsCgT1t,405587567681604,897591677
NYHKEoldQ6cHh0GL,555912330382832,399589093
OYYhrqgDvZHLAXGw,875607988249050,760986230
Mnnv3MWp0,498213832113802,240043086
J7i1KLqBXhm9nWx,546973705332576,046897189
Q5wZ5mC3UrJHnR1I,256112785757624,384952316
eJfWrlhct,737711836339835,553451814
g695OirfSKkOB2R8,422748462075432,187610645
mAi76rs6Pt,357870874482594,007004687
6K1AIRzTkj,393627868248105,966392890
UbBqGLFn8J,520304374255020,772390466
DPgDo5KpuYb,610567811743741,819964466
Ew5CkahY0fLm,746927037379000,712420371
or0pBIDq,057390617995180,317195092
3FBQKP39M,314081259037479,112887129
fA9WPIaLpopvC,725580220019242,249219029
kHm2Jd7lK,824023008214421,929507254
II6B0wDfTa,223630008994001,034734129
dl86Xo5DY9QEX,387825865245977,959882165
PUyEDRUkIb,065074618758055,835389555
Bsrcdrot1,668294663732454,043891590
YwDku9UyoNc91B4,495210833472284,204491908
bA1yEr89H,607226722981623,873239282
TJPXyBMQsqlEn6le,904534132881306,126180507
3it5JxD4,993736023904279,936477189
Pq6TyalAn36,769329818227661,976548755
vXJsaXBnc4p,274227994589216,914685382
EQRqNVXQj,464144491352406,735620399
WwLNbB3trrwC,836985732971685,675406633
0ySyNmWmi5JBLi,566699361464230,027762051
PSMY0u3Fx4ww3yi,300023974412635,325279401
k8VPWX5pVDUZ,427347648360362,880488839
43JF6yAiPzv8n,206819084780375,465526388
TmHAnvH5O,856378726594532,153614770
HegPmYN8upymhvU,591240597871561,888264444
usHPKiczqmqn,698883209095529,890547285
stwl4UDms6S4skLE,862333221654968,189091644
qsk0gH7VQAWbL,980557397820448,550693190
VFM6hWmjTSYmWoBJ,525162293752157,414755901
tG81tbbd,934372505341574,263048956
UdKzwpLpukjE,016678179672447,832607295
MqtBPVIFls,576821159488121,324813878
1mw9cOjk0ubG6WL,733987453183209,106156089
GYXz1JsDQ00E0qHL,795169539397369,565118428
lWRBdhgReT,565931982539809,820762871
B7SV3KIjXB,045751772068138,454478053
yzenN7BjgnrYL,318348442239109,041172013
S2nFNpLg,013600705320103,738006756
OQWFAt8jv76yW5rn,546232907833442,465544247
K5BsPm9X02,268864666468599,134657837
dszu9Fgvpv,306079518412767,986725450
JyS5etb0DYq,016044426583758,705910149
6bQCkfjv5AomPyv4,049759531836891,055149370
7p29czn3rBPoa,390320439553528,495764200
qMWgWFrntE,777971614224898,166908819
1uQx2wsOUl,154886855950387,583588871
6PvYPRzm4Sb8TqfH,755299673596339,555605392
n6drDK0Yk2hw,830300761589022,209448256
APtFO8glE,108371963857240,880177466
NamY0ZyuTPkGC,669486384235438,062641653
OLGgIFGP,156780102448037,894110460
UAgyC1OQ8Nd6xZa,300173659363389,932227036
s9PvtQOGUTy,513290876191033,575864414
mdNuRpYaBLT61D,016293219632873,989169820
JDxSHajah7,826535382027698,742357760
qWJ01kL6lkuixYP,202002479578065,712310121
3E8buqWi3wRYr,706807795430819,428476705
sV7o8beHg,693110731961656,636903976
EhKnAd07LUWx2Kh,521232278330680,975053548
EO8Z4nsH,922755823847567,820507763
cWo25Q8w,825155113612829,477992764
Ob2EcXX6p,351501679694110,545060593
9YbHEgHpEaMmgo8,558401809178226,216847652
SGOmpzi21CVe,383207812058011,615522297
cxzBxN4IjAFnH,560969520167965,845203811
qZauXL8lqsxxLx,300223713252719,626368909
Z3g00Rnc6L1qPyo,008366764102090,512660773
qEL6gxM4Qqk8,625334689121538,512211905
36UjyUiLnhZuQKX,461489756545859,236076921
WeJANQYMLSgi1Kx,552059890249167,476560207
dmxtZXaUNAxOQj,853128306050156,341621468
RVSqbLCWiQHCxoy,594718682443534,508560718
BniRWR3DRE9dKZ0u,693977723598372,005675579
1lHZJGDJSp,931523726177947,742323244
Jb3RWIkSmgEVxJR0,094271917145625,035355378
7yHqONv5OuPbvFL,631788808887952,420259481
vYOANcmRQl,717572132848980,432846073
QpIZewfTpbGuL3x7,805928863581869,721882631
wlQtgExMHqRg,999366772115511,843333489
cLaeHRCGoUr2W,114320237221019,293042824
zL6YCf8fUYksJqH,808671444856086,068846103
2n3LpVIe7by3t,188229940624125,186965433
60GWD7WN1lfkCL,876257408956572,401378225
E99haJTeKvdjaN4C,687153872266661,373753213
CLHlCRvQyT7YOqw,048204840811082,574065478
hAsVSWdr,595585723071805,622663295
c2Ye3Im1,161207607158471,487086683
UlWRTr5Hk,257658479522907,117861010
UgJdovsr7aF,378368237087483,380267642
EEKxF0gw,991075490926290,325036424
jRY0d1Qv0L,763854826406315,237036327
5FXfR0IgJBAtxf,546854807965396,004296016
eVWjcCVltC,862102082758462,101322926
CLSqcuWnb1huDQLI,550718585166854,680498722
HldVUyWaygEns,399818983749248,554610148
wpOJ4wbnLpDkTCa7,465925902083475,342676224
da5vMGn3Zk,836244728270961,609500806
einLdGdclTkOTKH,359697970154562,395420182
mb17vRcx2iXfe,945205226096493,086753083
YxGVsR4p9JyjIAh,461735527860838,700887895
b6qXWgMd,609422077782564,032922011
I7XFwq4z,197411707655978,349299800
ugcmTTe0jbOeSfQd,429841266429938,489613986
HSkw7q1Dhi9,421829953599764,014308775
N4A8q74Xt,046626993682918,020008191
1zSEIt9WG4rdf,502671127057751,616773706
nOrY8wXNy8,280591552536921,877919815
TliRc77T11Sny,420910506373172,268283679
SeemBXgM,952583801949841,314151119
YGEyOiSq9ioeL5,015511540186893,703298754
KJkxyCYADzSl,389353894324552,976338048
VMBv9kiKU,476760263979889,413808677
dQ6kv1AE,918510014844909,079881678
8JtwdhdKY,824085018638397,160698608
OHqUm8CiP9dM5V,609101290801477,930587535
L7yoArbqwc,764998161061045,348349987
3DjR57gE9AP,353695680383319,930846231
UcEPeeBu1,314467298869153,502433810
LAqBoa0wyelQdm,620670982161474,945584910
0txEv4uHNCPHHCUM,625116779226173,064704435
UsKIUhvdL5EMJkn8,237375578503868,448800763
rvmW1sTtcwRv,193113450375644,153695118
u5qQ5dn1sKk6u,653549397171081,800890395
FHmPUazuHP1a,379438468865033,555291251
agdzv2odv3gawLR,867246400683208,045307440
G6CzCQnyMeyN,198590147645293,504604620
3ksWv9eprjLZjF6F,294085810029396,807695126
x3sIfFYS4iBfcdx,493540440070244,195739541
5eomWxJn3aEoW2,816243889722839,875004470
oyXGdGK3OwtY,059798119818177,036507336
ank0RFXwvuN,541367612741567,474802903
AlI8WSKzKLS,044617089316888,637356865
jXGU4JEugcurKGQg,673559103247299,904755905
7M0MsuUzC5ln4O,589246537436859,501985944
jX7Gl8hpT5tE,907875654564278,711364555
MSuuqlnGQTy0S,166123797291588,334519596
k3ZmhydPP92EPsh,181469247377077,860485255
H5hKgwduJSmYYTEC,060264490859624,387462444
3C5sOnlK,718127686335064,394403741
A0mq9Qrv1x60y,295093571831620,988375796
2MMWG341WeROS,804170188358363,813714568
EP3z0snZBsUsimcw,481475494848014,589648361
nH9ZngwBi06yNko4,446586154519385,498352872
hn49bVCGERH8Ri8,605631920853676,651271830
gY6x0pbneZT,370773189430376,269367909
M1zXsLRO,070018477183246,992420239
rkntmS2I99Tg,970513185644303,161481886
azcMjGuFM8TnC4OV,527027595476482,504265066
Gl3izLxk1E,697940851194007,331213173
0pppgJiB,536638137633239,253508857
QOxMEyk8p,685608548842278,690645813
VlLTAAsGRn,755987688424557,932514268
NEA8QCJcNc7O,189728455609402,618375549
BVhEviIm,943795943462294,170141938
3D4TwO3F,098654689344938,087608740
2gsjaCLGSWz,624840792053768,978498188
Qt3mws3r598Rc,843212244763025,074716032
06xo0DnwUhQXI7rt,217307974686716,214801426
eSqw0z3FEM,534626126297913,406813574
5Fr8IYDlRO6vOS9,861650731661335,630028779
swatwwDg,132099374271936,829639406
R2U44WPx,572261104850798,914838327
LdVt4kwp6R2,072175400214306,781766074
Ix7ARn8qEiqf,904514622652475,818020253
QD3qjvoRcy,687949261528982,892700877
IwGBe5gyPHVu,461912861720985,703570381
2VSmTwIy0BwziO,530250541779030,200228614
xCGqxsoz,629203770118351,907733048
lnnHwcD27rYX,973186800791261,425418363
Zz1RAnVvsMn,210385555369048,327796909
iUhla27m6PVXxD,048937931983440,842959120
cuNVn9zrE9Cmmx,374233932310683,032813653
igcg7AmZKGuvpI,838943207100773,391630451
MXG4jQVR1,969427530883588,014723655
YCKpAMMWpzVYp8Jz,469027208224442,295759955
oDT6l1uBA,121847161406936,068520771
guNvFLU8QDkw6tuG,268567235675780,089615155
KOCCfUAedLb,972715191067345,292440446
KpldazdvnqiqxV,227059431462297,838538599
PlCwUFReJ,441013032703239,821448385
SXoX8clN6ctNWqpV,248959914214770,288544131
pakNO8qgQV65j5LU,631966016093531,645390138
7MAvqY4VPqbw,914268973725967,106677732
vfh4B414EV8xYov,380038706224946,140810492
dFGnY6JHZq,985093186259517,618537086
sQVZ5tFEH,959041523499726,308244184
nQroOIWiuEBo2HFX,789659586495739,950578869
zWW1KWxIwWvs9qrQ,503660304448749,132421786
UMgKlEEXFlgob,012288898172429,748778420
tImWxxl0An7VSX,554643989646423,526330552
6mrJd3D5p,506832097564873,434586998
NSLeEYjUDIc9LO,340797948543997,898920718
JvbsQUhMNXS,796972615575701,708227792
JMk9t8BHC,693150246973753,189799651
ZOCaUmuKRRD2,475677317445413,771753500
24mbNnvqJ7CLZ5,496468340965896,022163926
lKqXEkPO8,487465534022746,510245763
UuBhmRmO5ryrL2Bi,557231722887995,005037082
iiPwhyvmPN,224965601447879,335527051
1B51xBbSX,372569119909682,710848695
CWzRyStY3,297213607634086,629377933
YM3uOqjak,187610163529481,058950550
TW5SdzEFY,099587908406206,440667701
H6cywQTb,683741553222461,983983276
6bdVMRDG96x1R,481957847821049,706915574
iQfCbHs0XuZwuzr,230346658372715,361383741
lI8o5Q6MPt5F,440157629337648,189821289
fqGUkMbkgJ,566611096868831,617931470
dRR7pSWFKXPxB,580316480028096,613495826
SD7SY8AHkUy4DJy,933183146610788,973156802
YTZEoxaRotzOZf,698415993809871,279403470
D2YTy6fOSC,606456891804118,425009814
SvEdF1XBj,175789681665793,554654130
k9pGva6Rx,834527856365979,559376958
GjclOYUC4t,930880839160984,624576685
MRmgOECBr9,442178626437769,314643564
bW3Bg9J58RM3D5mD,997352444928069,486830686
GAmqm8RHCAyNc5A,486539948281387,423522679
ZgQFofkq8mVHV,633958622198429,454380672
ly1UIeFXEpA6,885998524170574,307535570
ED8oqyPa88j7zWE,083639038880897,443848263
QnFPgq0X5l0Q9d,179236641790387,872409234
GKWKDN6xf,896269107434245,609827148
ydzXL1Q4qNcsKmY,047798093722059,405296206
75mTM5Ykq,003071306397274,991679798
U8pbzT5Bas,663097510319797,248332891
4VaCizRSVNtnZrrR,007328308367543,950721783
zSLYBdOPTTQ9n3lQ,773810769986749,795507167
HQevIfg2gwZKzP5,831268740288352,147685085
mNKPWBzKygzV,500928879529369,657238241
AomJcHULMEvW,708329238783427,416339242
BMA5GmonuABrYE1,378500433504802,445242431
sA8jWc4Otn9LJP,848971642238852,200580291
iCB3vOpLnRCXQ1Ni,863076603294170,477987454
FCrGVKpVF6eeEdS,579708499152677,625165473
aC60iKWhqLZk,348850243230822,082548201
s6yjlRlQLv7,066041534855070,431437086
JiTWf5LjfJW1t9s,627329852117360,813460243
enxA3SxS,036641457462667,068962458
4fBdB1wP,500099726133770,467977740
yxSSGuApwTZ18RF1,521792944764580,051478946
pJGGVez5oalClf,305653603303156,992083645
RRl0rrI3D,720031209112274,821120788
71V8Ls7M28,120687520614845,784940675
orSHXBfMWBXvsRI,558711153817052,997857374
O1LN7xW37a3,997870287664966,820023863
YCkrBhufwGnxz,855276232980889,482409437
HQ3s6HiNmRKHoHd,922544156405375,811625620
oE4I2pNVJW0xN,814861375445085,693246543
ToTFY6ou,855475751089905,276446582
7xmrCLS3lgo,893240429340545,016115549
3thjqHTbIQ,506530255997223,959762588
qjHivIsWQVJ2r,802509118608880,456264849
mIVCRqFYe,050888921874554,184592739
gVZ14AVxCMRmv,197097774750550,238614039
miPKDQLVYym,586403740001570,383029188
aI6yd58du,927809870416058,721672846
WrdU6xG9Avouz,504472210247160,279183576
Cd8kj032Rf5sM,699896256246922,572692067
2GBONNNfqSEKE,262969553085235,663282017
H7LqtRS6FvZ,262689822599376,003458112
V5eKqxZkV04,500336681427037,737171070
2NRmpBun1Ph,446539928346955,532211765
MIXOfPMs2gd,067014162979768,164585432
L0Qf3WYT5h,655643467203437,837456657
jmeUUCG3Ve,268490751178656,937538868
MlC6JCRuayogGvSH,381466129444954,908146283
BcehKSxf7l,149652140392352,017810994
xIn6An8qpzP,765153762039335,439577047
bXTivpnWu,905972888402896,631561633
qdJNTShSp7Do7,341729152212488,202724707
2JBF2TlRYhe,959767270630999,346632853
X6EopvwmHrYI,074871646251657,560896257
MqxHV02otOON,514380039439420,237635972
3RnghbdOqKK5Kbw4,166540368558354,166503899
lHPyb8gI,609618044941620,023447166
9T7FNnId,294060581132928,295028473
re1Koe3z0TbMoF5,319302023616308,921642953
4ZQD9feowt34q,042694333436028,770297219
qmIqRt8bSYv,592187946884171,797261331
gb93jmfoz8L,847224562876298,144391119
48DfmMOzFpNc,009059163351617,166327818
JiCAa0128,811377265188177,251407340
E6HzygoM,252307592776811,339025781
VG8wM675Ay8h,700966749290208,349352220
p92o73Sb,854225046878651,867782116
RIRnOB5Fzy046E,663568263556434,921637604
HnGGUUhmSvlxs,922952842794206,473734853
m9gBW841I1xmfOF8,452520602658499,353696457
PEvw7CSLEn,110257814077535,298149499
GOTcdf8ZqmlOKj5b,408696453222997,585328772
n4eoTS6rn0Buvp8,572463026384412,192345272
D8cUIg0QtU0BaBhD,508533937705179,095766732
uogubR1zlUsMUxA,576979894430073,566904203
RBkpmdnPKq6Lmc4,978674186988782,526775120
FfkebMqwRIG,603052329073077,740460050
tKiK7OaVemhCTF5Q,943737189224921,740101196
dwO2FCsB4nUbQEW8,601256171798694,697977735
xyNHPYbQc,820371243473075,616660901
V3FfKLCffdEiXq7,641863116574086,467190762
CYL72Qwk9wk,424396916107199,967916714
hwXbhJWR,325979203720797,609693530
yzfH46bYINpZmg,604959657624151,789450834
LIYibmCNS,163866896989028,361304880
Bbswgs6UgStP2g9,631354184295191,718039856
5gxeIoIKtDkJ6V,020249282379644,858104282
EgOljNSdjqYmOv0r,171993808469032,602812442
rHvCpxc067qEx,834840711977811,258983525
pcR7jPGsd9,701792004428890,054001164
XHn6OLaB,684269048937923,806522666
dFjJf7pYqH,389275627446066,199715764
dqnDxSdYKgKDdt,256660524137315,185350516
ahcF1MNP6oED5a07,161073259671115,017458870
uMk26S6Bh,562944914178774,036168278
4wkQITXHZig,304269934416357,109375903
6AgYgJkjaas,101896773517812,939520318
rr3QFqNy5YeT,564605605462652,420263586
i9btsPynFKNQW,304855745868751,405005296
QpR9YjGkB,854626781815172,017470603
Es7QiVMP4nMw,076779028367696,618088003
KATCndq4h,885594662948609,045488808
cGg05742WpbN,312190390391445,576591951
JhRH2ha2i,491586218593239,497246706
bgECV3tg68wSX,983010209477838,921288733
2elZul8NicJ,028282994349603,158933164
fCKEtwpRi,196160948711214,542450770
j29v1qCDlhS,673180530041974,973186994
dwmwtVoILNj,652223997409718,579479748
o3n7e4JhQ4R,706873506320712,593243839
dq2mgaF8Zy,295777549190462,538020037
VhwcBgtGZ1,995947670102370,818620687
BtYCBFuG,715250678713310,210737889
3MQPJ7yTPHAkmF,623177339701293,849392682
BIIFF7JeqWpKCzg4,663330208359616,072867850
jMSMUpAPAY2Xca,567029519858781,847701750
jkxPdp697iVG,446458547076764,365764981
i2VKFYdPnwYG,958803190347561,588155051
V1L8QnAO4EDC7,433752862905776,522688217
nqbt8qgvAJW9S,691603244297106,268703019
wFbUWO67,247974045408572,794964665
9K4KEtcHc4w6g4WD,315143279502207,516630421
aPdW1BinaUFR,407501802579763,464722007
nD6FGgXIxUqkb8V,231040301922425,119772873
Omo62Ly2uZP,287083582477404,078699630
shOUI8xZGSW,894600161844652,716310338
VQCLICFp,533494114695378,242567980
ziNgk9ubbOLbg,735335034273141,218682303
SdeBCGu2e9keF1CE,725640421135367,214933255
i1ZLQ5Vb3xKR,612324139129044,153080038
RgP3KIT1PjwZRTRx,292643412015987,746698786
ZDTIUfJBm0E2mY,536510053424407,187844347
Y16fABeFCcRppq,191712303770243,318094708
MWhmMHSnp9C,361157260985565,916919408
gObmJycqquLN,994813158469790,436396697
WAIK9HD81alk9y,926264557332224,216139352
StWTqOYOo,372463093355932,285685925
LG7uNpaMCYVtA,972965964745326,764392506
I9T0oKR1v8yQqZHX,842736979487560,403223005
OVEYi3VSA,202289342142804,746347185
cN4dmlvUeeG,929093267474480,268447649
W1SY2XutMKqwccX,206340437314161,783340853
KAnBqMy17UTYg,664212342764759,617246608
b2DgSqZvZWi,488676746252761,335363258
Jfa16f2q,642480821442191,668720024
g15CfIlECUHF,188076795827409,520967086
8MjlLgnrqh0Hf,222602738668389,727698111
88bG9LvmZ3BjCfw,036597484822763,613413585
CJ60S3e7QY2ucXFd,755923517164582,366797077
S6H2ed4yxy,066942549417261,857997475
BpjOkCqdxCnf7,274101905344092,719706777
KORDagi552t1D,179139567963316,063264543
XCg5DbRDptY,210818586004452,851399606
xKB2AQqt1As350,460740927493813,528212019
FNh7B6qxH,037805373844077,530358234
3Y5W29Bp3WgR,740915736589464,534580447
pHOCwawAvyfr,434284217196538,207579034
mwQm1Y1hsZP,212327395229629,654947104
M8MQy49xKK,933065960396046,518367614
vpJIeNb4FrS,126742098790732,645401924
mxtIOQDQWK,344309263851563,491316898
O0NKa5Opf,625325582493919,019612223
wNf8oVqwV,827390222694254,942823417
augeIA2fMWU,600227314641552,935402048
nahAaXU1V,952204656122419,341561944
MjwAxoB25VMk,763700950802106,686349075
9wjy8JdzL5KLlm,449648334955355,990553124
ZlXQfvM7Z,179546590433719,329976080
g68mGkgtQILB8FU,753056000837591,179128662
4W1fWNtMgKiw,750370221074132,795427411
SWMHEm1QN4DdHxyb,801894843163289,633266915
GWwujQCAP,729189457983858,069113634
w0UmxmsyNoiwbCa,154419446183111,501711955
Ik6GV8XfsmXcE,801509312380293,015839683
aXMmLjmchtTUyEA,029295365529840,164465253
VkMAo8IPXG8,202810692048267,514397038
MVAS4zQyroRCF5,913175690980374,517861849
JDsULCLsJxD2O,922829309712971,866383216
Fh41ut9qXxdsqf5a,946064071549750,305948627
J5GjlTeOR,823174174821229,307357993
SCyGPiBAmOgGx,273885433792841,511660898
